"","Species","longevity_y"
"1","Amblysomus corriae",1
"2","Amblysomus hottentotus",1
"3","Amblysomus marleyi",1
"4","Amblysomus robustus",1
"5","Amblysomus septentrionalis",1
"6","Chrysochloris asiatica",2.408333333
"7","Chrysochloris visagiei",2.408333333
"8","Chrysospalax trevelyani",4
"9","Eremitalpa granti",2
"10","Echinops telfairi",13
"11","Geogale aurita",2.083333333
"12","Hemicentetes nigriceps",2.666666667
"13","Hemicentetes semispinosus",2.7
"14","Microgale cowani",1.083333333
"15","Microgale dobsoni",5.6
"16","Microgale drouhardi",1.083333333
"17","Microgale taiva",1.083333333
"18","Microgale talazaci",5.8
"19","Microgale thomasi",2.908333333
"20","Setifer setosus",10.54166667
"21","Tenrec ecaudatus",6.316666667
"22","Antilocapra americana",12
"23","Addax nasomaculatus",25.685
"24","Aepyceros melampus",17.75
"25","Alcelaphus buselaphus",20
"26","Alcelaphus caama",20
"27","Alcelaphus lichtensteinii",2.908333333
"28","Ammodorcas clarkei",2.620833333
"29","Ammotragus lervia",21
"30","Antidorcas marsupialis",19.79583333
"31","Antilope cervicapra",21.25
"32","Beatragus hunteri",16.6
"33","Bison bison",27
"34","Bison bonasus",27
"35","Bos frontalis",26.2
"36","Bos grunniens",25
"37","Bos javanicus",27.03333333
"38","Bos sauveli",11.37083333
"39","Bos taurus",20
"40","Boselaphus tragocamelus",21.68333333
"41","Bubalus bubalis",31.88333333
"42","Bubalus depressicornis",36.08
"43","Bubalus mindorensis",28
"44","Bubalus quarlesi",29.10833333
"45","Budorcas taxicolor",19.58333333
"46","Capra caucasica",20.5375
"47","Capra falconeri",13
"48","Capra hircus",20.8
"49","Capra ibex",20.875
"50","Capra nubiana",18.89166667
"51","Capra pyrenaica",16
"52","Capra sibirica",20.9
"53","Capra walie",18.89166667
"54","Capricornis crispus",19.79166667
"55","Capricornis milneedwardsii",19.75
"56","Capricornis rubidus",19.75
"57","Capricornis sumatraensis",19.75
"58","Capricornis swinhoei",18.58333333
"59","Capricornis thar",19.75
"60","Cephalophus adersi",15
"61","Cephalophus dorsalis",17.08
"62","Cephalophus jentinki",21
"63","Cephalophus leucogaster",5.3275
"64","Cephalophus natalensis",15.14166667
"65","Cephalophus niger",14.55833333
"66","Cephalophus nigrifrons",19.66666667
"67","Cephalophus rufilatus",15.14166667
"68","Cephalophus silvicultor",22.45833333
"69","Cephalophus spadix",5.414166667
"70","Cephalophus weynsi",15.2
"71","Cephalophus zebra",12.15583333
"72","Connochaetes gnou",20
"73","Connochaetes taurinus",22.9
"74","Damaliscus korrigum",23.54166667
"75","Damaliscus lunatus",23.57083333
"76","Damaliscus pygargus",21.53333333
"77","Dorcatragus megalotis",7.541666667
"78","Eudorcas rufifrons",17.22916667
"79","Eudorcas rufina",14.4875
"80","Eudorcas thomsonii",14.835
"81","Gazella arabica",18.3
"82","Gazella bennettii",18.3
"83","Gazella cuvieri",11.74166667
"84","Gazella dorcas",20.775
"85","Gazella gazella",19.50416667
"86","Gazella leptoceros",14.27916667
"87","Gazella saudiya",20.75
"88","Gazella spekei",13.73916667
"89","Gazella subgutturosa",16.3
"90","Hemitragus hylocrius",17.23333333
"91","Hemitragus jayakari",14
"92","Hemitragus jemlahicus",21.8
"93","Hippotragus equinus",25.78333333
"94","Hippotragus leucophaeus",25.78333333
"95","Hippotragus niger",22.2
"96","Kobus ellipsiprymnus",19.31
"97","Kobus kob",21.9
"98","Kobus leche",21.97333333
"99","Kobus megaceros",21.04166667
"100","Kobus vardonii",21.9
"101","Litocranius walleri",13
"102","Madoqua guentheri",15.30833333
"103","Madoqua kirkii",16.85833333
"104","Madoqua piacentinii",14
"105","Madoqua saltiana",9.995833333
"106","Naemorhedus baileyi",17.6
"107","Naemorhedus caudatus",17.575
"108","Naemorhedus goral",17.575
"109","Naemorhedus griseus",17.575
"110","Nanger dama",19.21666667
"111","Nanger granti",19.66666667
"112","Nanger soemmerringii",15.48333333
"113","Neotragus batesi",14
"114","Neotragus moschatus",13.4875
"115","Neotragus pygmaeus",12
"116","Oreamnos americanus",19.16833333
"117","Oreotragus oreotragus",17.83166667
"118","Oryx beisa",20.25
"119","Oryx dammah",23.625
"120","Oryx gazella",20.75
"121","Oryx leucoryx",20.7125
"122","Ourebia ourebi",15.83
"123","Ovibos moschatus",24
"124","Ovis ammon",15.89833333
"125","Ovis aries",16.96666667
"126","Ovis canadensis",20.6
"127","Ovis dalli",20.02083333
"128","Ovis nivicola",20.6
"129","Pelea capreolus",12.31916667
"130","Philantomba maxwellii",14.06666667
"131","Philantomba monticola",12
"132","Procapra gutturosa",7
"133","Procapra picticaudata",5.5875
"134","Procapra przewalskii",5.5875
"135","Pseudois nayaur",20.84583333
"136","Pseudois schaeferi",20.84583333
"137","Raphicerus campestris",9.316666667
"138","Raphicerus melanotis",10.825
"139","Raphicerus sharpei",14
"140","Redunca arundinum",16.73333333
"141","Redunca fulvorufula",12.33
"142","Redunca redunca",18
"143","Rupicapra pyrenaica",17.6
"144","Rupicapra rupicapra",17.6
"145","Saiga borealis",12
"146","Saiga tatarica",12
"147","Sylvicapra grimmia",14.33166667
"148","Syncerus caffer",29.5
"149","Taurotragus derbianus",23.6
"150","Taurotragus oryx",25
"151","Tetracerus quadricornis",10.83333333
"152","Tragelaphus angasii",16
"153","Tragelaphus buxtoni",13.3625
"154","Tragelaphus eurycerus",19.41666667
"155","Tragelaphus imberbis",18.91666667
"156","Tragelaphus scriptus",14.1125
"157","Tragelaphus spekii",21.5
"158","Tragelaphus strepsiceros",23
"159","Camelus bactrianus",35.4
"160","Camelus dromedarius",34.2
"161","Lama glama",28.66666667
"162","Vicugna vicugna",26.73333333
"163","Alces alces",27
"164","Alces americanus",26
"165","Axis axis",20.8
"166","Axis calamianensis",20
"167","Axis kuhlii",20
"168","Axis porcinus",20
"169","Blastocerus dichotomus",13.7
"170","Capreolus capreolus",17.23333333
"171","Capreolus pygargus",17
"172","Cervus elaphus",26.9
"173","Cervus nippon",25.41833333
"174","Dama dama",21.1
"175","Elaphodus cephalophus",22.625
"176","Elaphurus davidianus",23.3
"177","Hippocamelus antisensis",10.6
"178","Hippocamelus bisulcus",10.73333333
"179","Hydropotes inermis",12.94583333
"180","Mazama americana",13.81666667
"181","Mazama bricenii",4.0375
"182","Mazama gouazoubira",13.4
"183","Mazama pandora",14.31666667
"184","Mazama rufina",6.075
"185","Mazama temama",13.81666667
"186","Muntiacus crinifrons",11.975
"187","Muntiacus feae",11.64166667
"188","Muntiacus muntjak",17.6
"189","Muntiacus reevesi",23.125
"190","Muntiacus rooseveltorum",21.39583333
"191","Odocoileus hemionus",22
"192","Odocoileus virginianus",21.6
"193","Ozotoceros bezoarticus",21.875
"194","Przewalskium albirostris",20.1
"195","Pudu mephistophiles",10
"196","Pudu puda",15.10833333
"197","Rangifer tarandus",20.2
"198","Rucervus duvaucelii",23.68333333
"199","Rucervus eldii",19.58333333
"200","Rucervus schomburgki",17.96666667
"201","Rusa alfredi",21.09166667
"202","Rusa marianna",17.38333333
"203","Rusa timorensis",21.08333333
"204","Rusa unicolor",26.40833333
"205","Giraffa camelopardalis",36.3
"206","Okapia johnstoni",33
"207","Hexaprotodon liberiensis",42.3
"208","Hippopotamus amphibius",54.5
"209","Moschus anhuiensis",12.94583333
"210","Moschus cupreus",12.94583333
"211","Moschus leucogaster",12.94583333
"212","Moschus moschiferus",12.94583333
"213","Babyrousa babyrussa",24
"214","Babyrousa bolabatuensis",24
"215","Babyrousa celebensis",24
"216","Babyrousa togeanensis",24
"217","Hylochoerus meinertzhageni",13.325
"218","Phacochoerus aethiopicus",18.8
"219","Phacochoerus africanus",20.79166667
"220","Potamochoerus larvatus",20
"221","Potamochoerus porcus",20
"222","Sus ahoenobarbus",16.16666667
"223","Sus barbatus",16.16666667
"224","Sus cebifrons",15.06666667
"225","Sus celebensis",14
"226","Sus oliveri",15.06666667
"227","Sus philippensis",15.06666667
"228","Sus salvanius",12
"229","Sus scrofa",21
"230","Sus verrucosus",14
"231","Catagonus wagneri",9
"232","Pecari tajacu",24.7
"233","Tayassu pecari",21.08333333
"234","Hyemoschus aquaticus",13
"235","Moschiola meminna",14.475
"236","Tragulus javanicus",12
"237","Tragulus kanchil",14
"238","Tragulus napu",14
"239","Tragulus nigricans",14
"240","Tragulus williamsoni",14
"241","Ailurus fulgens",17.5
"242","Atelocynus microtis",11
"243","Canis adustus",14
"244","Canis aureus",16
"245","Canis latrans",21.79583333
"246","Canis lupus",20
"247","Canis mesomelas",14
"248","Cerdocyon thous",11.5
"249","Chrysocyon brachyurus",15.66666667
"250","Cuon alpinus",16
"251","Dusicyon australis",5.241666667
"252","Lycalopex culpaeus",13.07916667
"253","Lycalopex fulvipes",10.9
"254","Lycalopex griseus",10.9
"255","Lycalopex gymnocercus",13.7
"256","Lycalopex sechurae",9.9
"257","Lycalopex vetulus",12.55833333
"258","Lycaon pictus",15.05833333
"259","Nyctereutes procyonoides",12.5
"260","Otocyon megalotis",13.8
"261","Speothos venaticus",10.33333333
"262","Urocyon cinereoargenteus",15.56666667
"263","Urocyon littoralis",9.241666667
"264","Vulpes bengalensis",9
"265","Vulpes cana",10
"266","Vulpes chama",10
"267","Vulpes corsac",13
"268","Vulpes ferrilata",11
"269","Vulpes lagopus",15
"270","Vulpes macrotis",15.88333333
"271","Vulpes pallida",19.5
"272","Vulpes rueppellii",14.225
"273","Vulpes velox",15.89166667
"274","Vulpes vulpes",15
"275","Vulpes zerda",14.58333333
"276","Cryptoprocta ferox",20
"277","Eupleres goudotii",0.25
"278","Fossa fossana",11
"279","Galidia elegans",18.78333333
"280","Galidictis fasciata",2.491666667
"281","Mungotictis decemlineata",11.39166667
"282","Salanoia concolor",4.8
"283","Acinonyx jubatus",19
"284","Caracal caracal",18
"285","Catopuma temminckii",21.5
"286","Felis bieti",17.9
"287","Felis catus",19
"288","Felis chaus",19.97916667
"289","Felis manul",15.60416667
"290","Felis margarita",13.725
"291","Felis nigripes",13.775
"292","Felis silvestris",18
"293","Leopardus braccatus",19.55
"294","Leopardus colocolo",19.575
"295","Leopardus geoffroyi",23
"296","Leopardus guigna",11.30833333
"297","Leopardus pardalis",24.76666667
"298","Leopardus tigrinus",21.79166667
"299","Leopardus wiedii",21
"300","Leptailurus serval",22.4
"301","Lynx canadensis",26.76666667
"302","Lynx lynx",23.7
"303","Lynx pardinus",11.28333333
"304","Lynx rufus",26.8
"305","Neofelis nebulosa",19.5
"306","Panthera leo",27
"307","Panthera onca",23
"308","Panthera pardus",23
"309","Panthera tigris",26.275
"310","Pardofelis marmorata",23
"311","Prionailurus bengalensis",15
"312","Prionailurus iriomotensis",15
"313","Prionailurus planiceps",14.15416667
"314","Prionailurus rubiginosus",17.88333333
"315","Prionailurus viverrinus",17.13333333
"316","Profelis aurata",19.85833333
"317","Puma concolor",21.85416667
"318","Puma yagouaroundi",16.775
"319","Uncia uncia",21
"320","Atilax paludinosus",18.20833333
"321","Bdeogale crassicauda",10.81666667
"322","Bdeogale jacksoni",15.8
"323","Bdeogale nigripes",15.8
"324","Crossarchus alexandri",3.991666667
"325","Crossarchus obscurus",9
"326","Crossarchus platycephalus",9
"327","Cynictis penicillata",15.18333333
"328","Galerella pulverulenta",11.64166667
"329","Galerella sanguinea",9.2375
"330","Helogale hirtula",9.65
"331","Helogale parvula",14.44166667
"332","Herpestes brachyurus",8.9
"333","Herpestes edwardsi",12.30416667
"334","Herpestes fuscus",8.9
"335","Herpestes ichneumon",16.3625
"336","Herpestes javanicus",13.275
"337","Herpestes naso",11.30833333
"338","Herpestes semitorquatus",8.9
"339","Herpestes smithii",17.8
"340","Herpestes urva",13.30833333
"341","Herpestes vitticollis",12.80416667
"342","Ichneumia albicauda",12
"343","Liberiictis kuhni",4.658333333
"344","Mungos gambianus",5.408333333
"345","Mungos mungo",12
"346","Suricata suricatta",12.66666667
"347","Crocuta crocuta",41.1
"348","Hyaena brunnea",23
"349","Hyaena hyaena",24
"350","Proteles cristata",19.45833333
"351","Conepatus chinga",10
"352","Conepatus humboldtii",8.3
"353","Conepatus leuconotus",7
"354","Mephitis macroura",8.733333333
"355","Mephitis mephitis",12.44583333
"356","Spilogale angustifrons",11.05833333
"357","Spilogale gracilis",10.77916667
"358","Spilogale putorius",10
"359","Aonyx capensis",14
"360","Aonyx cinerea",16
"361","Arctonyx collaris",14.81666667
"362","Eira barbara",18
"363","Enhydra lutris",19
"364","Galictis cuja",10.2
"365","Galictis vittata",11.15416667
"366","Gulo gulo",18
"367","Hydrictis maculicollis",22.8875
"368","Ictonyx libyca",5
"369","Ictonyx striatus",13.33333333
"370","Lontra canadensis",23.93333333
"371","Lontra felina",3.408333333
"372","Lontra longicaudis",14.89166667
"373","Lutra lutra",18.2
"374","Lutra nippon",18.2
"375","Lutrogale perspicillata",17.69166667
"376","Lyncodon patagonicus",10.2
"377","Martes americana",17.71666667
"378","Martes flavigula",14
"379","Martes foina",18.09166667
"380","Martes martes",17
"381","Martes melampus",12.30833333
"382","Martes pennanti",10.14666667
"383","Martes zibellina",18.38333333
"384","Meles anakuma",16.2
"385","Meles leucurus",16.2
"386","Meles meles",16.2
"387","Mellivora capensis",26.5
"388","Melogale moschata",14.75
"389","Mustela erminea",11.14166667
"390","Mustela eversmanii",11.1
"391","Mustela frenata",7.4
"392","Mustela itatsi",8.816666667
"393","Mustela lutreola",10
"394","Mustela lutreolina",8.816666667
"395","Mustela nigripes",12
"396","Mustela nivalis",9.55
"397","Mustela nudipes",1.166666667
"398","Mustela putorius",11.1
"399","Mustela sibirica",8.816666667
"400","Mustela subpalmata",9.55
"401","Neovison vison",10.69583333
"402","Poecilogale albinucha",5.2
"403","Pteronura brasiliensis",13.66666667
"404","Taxidea taxus",26
"405","Vormela peregusna",8.9
"406","Nandinia binotata",17.16666667
"407","Odobenus rosmarus",40
"408","Arctocephalus australis",30.2625
"409","Arctocephalus forsteri",26.52083333
"410","Arctocephalus galapagoensis",22
"411","Arctocephalus gazella",22.95
"412","Arctocephalus philippii",18
"413","Arctocephalus pusillus",21
"414","Arctocephalus townsendi",23
"415","Arctocephalus tropicalis",20.19166667
"416","Callorhinus ursinus",26
"417","Eumetopias jubatus",30
"418","Neophoca cinerea",16
"419","Otaria flavescens",24.8
"420","Phocarctos hookeri",12.9125
"421","Zalophus californianus",30
"422","Zalophus japonicus",30
"423","Zalophus wollebaeki",30
"424","Cystophora cristata",35
"425","Erignathus barbatus",31
"426","Halichoerus grypus",44.5
"427","Histriophoca fasciata",26.5
"428","Hydrurga leptonyx",26
"429","Leptonychotes weddellii",25
"430","Lobodon carcinophaga",37.5
"431","Mirounga angustirostris",15.8
"432","Mirounga leonina",21.47916667
"433","Monachus monachus",23.68333333
"434","Monachus schauinslandi",26.35416667
"435","Monachus tropicalis",12.74583333
"436","Ommatophoca rossii",21
"437","Pagophilus groenlandicus",30
"438","Phoca largha",35
"439","Phoca vitulina",40
"440","Pusa caspica",43.5
"441","Pusa hispida",43
"442","Pusa sibirica",56
"443","Bassaricyon alleni",24.86666667
"444","Bassaricyon gabbii",24
"445","Bassaricyon pauli",8.733333333
"446","Bassariscus astutus",16
"447","Bassariscus sumichrasti",23.375
"448","Nasua narica",22.01666667
"449","Nasua nasua",20.6625
"450","Nasuella olivacea",1.5
"451","Potos flavus",32
"452","Procyon cancrivorus",16.48333333
"453","Procyon lotor",20.58333333
"454","Ailuropoda melanoleuca",32
"455","Helarctos malayanus",31
"456","Melursus ursinus",36.65
"457","Tremarctos ornatus",36.41666667
"458","Ursus americanus",31.72083333
"459","Ursus arctos",43.5
"460","Ursus maritimus",43.775
"461","Ursus thibetanus",37.42083333
"462","Arctictis binturong",24.30833333
"463","Arctogalidia trivirgata",15.94166667
"464","Chrotogale owstoni",12.64166667
"465","Civettictis civetta",28
"466","Cynogale bennettii",5
"467","Diplogale hosei",0.166666667
"468","Genetta abyssinica",13.80833333
"469","Genetta angolensis",5.825
"470","Genetta cristata",24.1125
"471","Genetta genetta",21.6
"472","Genetta maculata",20.3125
"473","Genetta pardina",20.3125
"474","Genetta poensis",20.3125
"475","Genetta servalina",14.225
"476","Genetta thierryi",4.908333333
"477","Genetta tigrina",18.10416667
"478","Genetta victoriae",1.166666667
"479","Hemigalus derbyanus",16
"480","Paguma larvata",18
"481","Paradoxurus hermaphroditus",23.39166667
"482","Paradoxurus jerdoni",11.7375
"483","Paradoxurus zeylonensis",17.71666667
"484","Poiana leightoni",5.316666667
"485","Poiana richardsonii",5.316666667
"486","Prionodon linsang",10.7
"487","Prionodon pardicolor",13.475
"488","Viverra civettina",28
"489","Viverra megaspila",7.733333333
"490","Viverra tangalunga",12
"491","Viverra zibetha",20
"492","Viverricula indica",10.5
"493","Balaena mysticetus",40
"494","Eubalaena australis",70
"495","Eubalaena glacialis",67
"496","Eubalaena japonica",67
"497","Balaenoptera acutorostrata",48.5
"498","Balaenoptera bonaerensis",50
"499","Balaenoptera borealis",74
"500","Balaenoptera edeni",72
"501","Balaenoptera musculus",87.5
"502","Balaenoptera physalus",95
"503","Megaptera novaeangliae",86
"504","Cephalorhynchus commersonii",18
"505","Cephalorhynchus hectori",20
"506","Delphinus capensis",20
"507","Delphinus delphis",20
"508","Feresa attenuata",21
"509","Globicephala macrorhynchus",63
"510","Globicephala melas",49.78333333
"511","Grampus griseus",30
"512","Lagenodelphis hosei",16
"513","Lagenorhynchus acutus",27
"514","Lagenorhynchus albirostris",13
"515","Lagenorhynchus australis",13
"516","Lagenorhynchus cruciger",18
"517","Lagenorhynchus obliquidens",30.69166667
"518","Lagenorhynchus obscurus",35
"519","Lissodelphis borealis",21.58333333
"520","Orcaella brevirostris",30
"521","Orcinus orca",90
"522","Peponocephala electra",47
"523","Pseudorca crassidens",33.51666667
"524","Sotalia fluviatilis",30.3875
"525","Sousa chinensis",24.95
"526","Sousa teuszii",17.5
"527","Stenella attenuata",46
"528","Stenella clymene",20
"529","Stenella coeruleoalba",53.5
"530","Stenella longirostris",20
"531","Steno bredanensis",32
"532","Tursiops aduncus",35
"533","Tursiops truncatus",40
"534","Eschrichtius robustus",77
"535","Inia geoffrensis",30
"536","Lipotes vexillifer",23.22916667
"537","Pontoporia blainvillei",16
"538","Delphinapterus leucas",34.26666667
"539","Monodon monoceros",45
"540","Neophocaena phocaenoides",23
"541","Phocoena phocoena",15
"542","Phocoenoides dalli",22
"543","Kogia breviceps",17
"544","Physeter catodon",77
"545","Platanista gangetica",28
"546","Platanista minor",28
"547","Berardius arnuxii",69
"548","Berardius bairdii",77.5
"549","Hyperoodon ampullatus",37
"550","Hyperoodon planifrons",37
"551","Mesoplodon densirostris",27
"552","Mesoplodon europaeus",36
"553","Mesoplodon hectori",30
"554","Ziphius cavirostris",36
"555","Peropteryx macrotis",19.39166667
"556","Peropteryx trinitatis",19.39166667
"557","Saccopteryx bilineata",6
"558","Taphozous achates",12.5
"559","Taphozous georgianus",5
"560","Taphozous melanopogon",12.5
"561","Taphozous troughtoni",5
"562","Hipposideros commersoni",12
"563","Hipposideros demissus",9.5
"564","Hipposideros diadema",9.5
"565","Hipposideros fulvus",12
"566","Hipposideros gigas",12
"567","Hipposideros inornatus",9.5
"568","Hipposideros thomensis",12
"569","Macroderma gigas",22.6
"570","Megaderma lyra",14
"571","Megaderma spasma",14
"572","Chaerephon pumilus",5
"573","Cheiromeles parvidens",0.5
"574","Cheiromeles torquatus",0.5
"575","Molossus sinaloae",6
"576","Mops midas",13
"577","Mormopterus loriae",6.491666667
"578","Mormopterus norfolkensis",6
"579","Mormopterus planiceps",6.491666667
"580","Tadarida aegyptiaca",10
"581","Tadarida brasiliensis",12
"582","Tadarida insignis",13
"583","Tadarida latouchei",13
"584","Tadarida teniotis",13
"585","Mystacina robusta",7.6
"586","Mystacina tuberculata",7.6
"587","Natalus jamaicensis",12.415
"588","Natalus major",12.415
"589","Natalus primus",12.415
"590","Natalus stramineus",12.415
"591","Noctilio albiventris",11.8
"592","Noctilio leporinus",11.8
"593","Anoura geoffroyi",10
"594","Artibeus fraterculus",10.45
"595","Artibeus jamaicensis",10.45
"596","Artibeus lituratus",10.45
"597","Artibeus obscurus",10.45
"598","Carollia perspicillata",16.96666667
"599","Desmodus rotundus",29.10833333
"600","Diaemus youngi",9
"601","Diphylla ecaudata",8.075
"602","Glossophaga leachii",10.4875
"603","Glossophaga longirostris",10.4875
"604","Glossophaga soricina",10.4875
"605","Leptonycteris curasoae",6.879166667
"606","Leptonycteris nivalis",10
"607","Leptonycteris yerbabuenae",10
"608","Macrophyllum macrophyllum",2.05338809
"609","Macrotus californicus",10.40833333
"610","Macrotus waterhousii",10.40833333
"611","Mimon crenulatum",20
"612","Mimon koepckeae",20
"613","Phyllostomus discolor",9
"614","Phyllostomus hastatus",17.275
"615","Platyrrhinus lineatus",12.975
"616","Sturnira lilium",12
"617","Vampyrum spectrum",4.954166667
"618","Balionycteris maculata",4
"619","Cynopterus brachyotis",10
"620","Cynopterus horsfieldii",1.625
"621","Cynopterus luzoniensis",9.991666667
"622","Cynopterus minutus",10
"623","Cynopterus sphinx",10
"624","Cynopterus titthaecheilus",9.991666667
"625","Dobsonia anderseni",12.30416667
"626","Dobsonia chapmani",2.908333333
"627","Dobsonia exoleta",2.908333333
"628","Dobsonia magna",12.30416667
"629","Dobsonia moluccensis",12.30416667
"630","Dobsonia pannietensis",12.30416667
"631","Dyacopterus brooksi",30
"632","Dyacopterus spadiceus",30
"633","Eidolon dupreanum",21.8
"634","Eidolon helvum",21.8
"635","Eonycteris spelaea",5
"636","Epomophorus crypturus",7.8
"637","Epomophorus gambianus",7.8
"638","Epomophorus wahlbergi",10.08333333
"639","Epomops buettikoferi",2.166666667
"640","Epomops franqueti",3.158333333
"641","Haplonycteris fischeri",10
"642","Hypsignathus monstrosus",12.225
"643","Lissonycteris angolensis",8.65
"644","Macroglossus minimus",7.316666667
"645","Macroglossus sobrinus",5
"646","Micropteropus pusillus",4.575
"647","Myonycteris torquata",30
"648","Ptenochirus jagori",8
"649","Pteropus admiralitatum",2.241666667
"650","Pteropus aldabrensis",9.9
"651","Pteropus alecto",19.66666667
"652","Pteropus anetianus",7.4
"653","Pteropus banakrisi",19.66666667
"654","Pteropus caniceps",8.566666667
"655","Pteropus conspicillatus",11.55833333
"656","Pteropus dasymallus",24
"657","Pteropus giganteus",35.7
"658","Pteropus hypomelanus",20.20833333
"659","Pteropus intermedius",18.46666667
"660","Pteropus livingstonii",14.9875
"661","Pteropus lylei",20.3875
"662","Pteropus neohibernicus",9.9
"663","Pteropus niger",19.39166667
"664","Pteropus ornatus",10.31666667
"665","Pteropus poliocephalus",23.57083333
"666","Pteropus pselaphon",16.66666667
"667","Pteropus pumilus",17.16666667
"668","Pteropus rodricensis",28.225
"669","Pteropus rufus",8.608333333
"670","Pteropus scapulatus",15.75833333
"671","Pteropus seychellensis",9.9
"672","Pteropus tonganus",7.066666667
"673","Pteropus vampyrus",18.46666667
"674","Pteropus voeltzkowi",10.23333333
"675","Rousettus aegyptiacus",22.9
"676","Rousettus amplexicaudatus",7.983333333
"677","Rousettus lanosus",18.7
"678","Rousettus leschenaultii",12.45
"679","Styloctenium wallacei",8.983333333
"680","Syconycteris australis",5.495833333
"681","Thoopterus nigrescens",9.066666667
"682","Rhinolophus blasii",6.5
"683","Rhinolophus capensis",5.5
"684","Rhinolophus denti",20
"685","Rhinolophus euryale",7
"686","Rhinolophus ferrumequinum",30
"687","Rhinolophus hipposideros",21
"688","Rhinolophus inops",6.5
"689","Rhinolophus megaphyllus",7.5
"690","Rhinolophus rouxii",5
"691","Rhinolophus sinicus",5
"692","Rhinolophus swinnyi",20
"693","Antrozous pallidus",9.1
"694","Barbastella barbastellus",21
"695","Barbastella leucomelas",21
"696","Chalinolobus gouldii",7.566666667
"697","Chalinolobus neocaledonicus",7.566666667
"698","Corynorhinus mexicanus",10.09166667
"699","Corynorhinus rafinesquii",10.1
"700","Corynorhinus townsendii",10.1
"701","Eptesicus bottae",12
"702","Eptesicus fuscus",19
"703","Eptesicus gobiensis",15.5
"704","Eptesicus japonensis",15.5
"705","Eptesicus nilssonii",15.5
"706","Eptesicus platyops",12.5
"707","Eptesicus serotinus",12.5
"708","Hypsugo alaschanicus",1.25
"709","Hypsugo cadornae",1.25
"710","Hypsugo savii",1.25
"711","Idionycteris phyllotis",3.166666667
"712","Lasionycteris noctivagans",12
"713","Lasiurus blossevillii",2.575
"714","Lasiurus borealis",2.575
"715","Lasiurus cinereus",2.420833333
"716","Lasiurus degelidus",2.575
"717","Lasiurus minor",2.575
"718","Lasiurus pfeifferi",2.575
"719","Lasiurus salinae",2.575
"720","Lasiurus seminolus",2.575
"721","Lasiurus varius",2.575
"722","Miniopterus australis",5.5
"723","Miniopterus fuscus",14
"724","Miniopterus macrocneme",5.5
"725","Miniopterus magnater",14
"726","Miniopterus majori",14
"727","Miniopterus medius",14
"728","Miniopterus natalensis",14
"729","Miniopterus paululus",5.5
"730","Miniopterus pusillus",5.5
"731","Miniopterus schreibersii",14
"732","Miniopterus shortridgei",5.5
"733","Murina hilgendorfi",9
"734","Myotis abei",15
"735","Myotis ater",11.5
"736","Myotis auriculus",3
"737","Myotis australis",11.5
"738","Myotis austroriparius",6
"739","Myotis bechsteinii",20
"740","Myotis blythii",22
"741","Myotis bombinus",20
"742","Myotis brandtii",41
"743","Myotis californicus",8.416666667
"744","Myotis capaccinii",22
"745","Myotis chinensis",22
"746","Myotis ciliolabrum",12
"747","Myotis dasycneme",20
"748","Myotis daubentonii",28
"749","Myotis davidii",11.5
"750","Myotis dominicensis",7
"751","Myotis emarginatus",18
"752","Myotis evotis",22
"753","Myotis fimbriatus",22
"754","Myotis fortidens",29
"755","Myotis grisescens",16.5
"756","Myotis hajastanicus",11.5
"757","Myotis keenii",18.75
"758","Myotis laniger",15
"759","Myotis leibii",12
"760","Myotis longipes",22
"761","Myotis lucifugus",29
"762","Myotis macrodactylus",22
"763","Myotis melanorhinus",12
"764","Myotis montivagus",11.5
"765","Myotis muricola",11.5
"766","Myotis myotis",22
"767","Myotis mystacinus",11.5
"768","Myotis nattereri",20
"769","Myotis nigricans",7
"770","Myotis nipalensis",11.5
"771","Myotis occultus",29
"772","Myotis oxygnathus",22
"773","Myotis punicus",22
"774","Myotis septentrionalis",18.5
"775","Myotis sodalis",13.8
"776","Myotis thysanodes",18.3
"777","Myotis velifer",11.315
"778","Myotis vivesi",10
"779","Myotis volans",4.25
"780","Myotis yumanensis",8.83
"781","Nyctalus azoreum",12.5
"782","Nyctalus furvus",12
"783","Nyctalus leisleri",12.5
"784","Nyctalus montanus",12.5
"785","Nyctalus noctula",12
"786","Nyctalus plancyi",12
"787","Nycticeius cubanus",5
"788","Nycticeius humeralis",5
"789","Nyctophilus bifax",1
"790","Nyctophilus geoffroyi",5.908333333
"791","Nyctophilus gouldi",1
"792","Pipistrellus abramus",2.908333333
"793","Pipistrellus deserti",8
"794","Pipistrellus hesperidus",8
"795","Pipistrellus hesperus",6.0825
"796","Pipistrellus javanicus",2.908333333
"797","Pipistrellus kuhlii",8
"798","Pipistrellus nathusii",9.5
"799","Pipistrellus paterculus",2.908333333
"800","Pipistrellus pipistrellus",16
"801","Pipistrellus pygmaeus",16
"802","Pipistrellus subflavus",14.8
"803","Plecotus auritus",30
"804","Plecotus austriacus",15
"805","Plecotus kolombatovici",15
"806","Plecotus teneriffae",30
"807","Scotorepens balstoni",9.7
"808","Scotorepens orion",9.675
"809","Scotorepens sanborni",9.675
"810","Vespadelus caurinus",0.25
"811","Vespadelus darlingtoni",0.25
"812","Vespadelus finlaysoni",0.25
"813","Vespadelus pumilus",0.25
"814","Vespadelus troughtoni",0.25
"815","Vespadelus vulturnus",0.583333333
"816","Vespertilio murinus",12
"817","Vespertilio sinensis",2.408333333
"818","Cabassous centralis",8.733333333
"819","Cabassous unicinctus",7.483333333
"820","Calyptophractus retusus",6.083333333
"821","Chaetophractus nationi",16.2
"822","Chaetophractus vellerosus",16.20833333
"823","Chaetophractus villosus",21.75
"824","Chlamyphorus truncatus",4.325
"825","Dasypus kappleri",1.166666667
"826","Dasypus novemcinctus",18.65
"827","Dasypus septemcinctus",16.71666667
"828","Euphractus sexcinctus",18.83333333
"829","Priodontes maximus",14
"830","Tolypeutes matacus",36.40833333
"831","Tolypeutes tricinctus",6.65
"832","Zaedyus pichiy",9
"833","Antechinomys laniger",3.15
"834","Antechinus adustus",1
"835","Antechinus agilis",3
"836","Antechinus bellus",2.15
"837","Antechinus flavipes",2.3
"838","Antechinus godmani",1
"839","Antechinus leo",1.5
"840","Antechinus minimus",1.5
"841","Antechinus stuartii",2.5
"842","Antechinus swainsonii",2
"843","Dasycercus cristicauda",6.5
"844","Dasykaluta rosamondae",2.5
"845","Dasyuroides byrnei",7
"846","Dasyurus albopunctatus",3
"847","Dasyurus geoffroii",5
"848","Dasyurus hallucatus",4.4
"849","Dasyurus maculatus",5
"850","Dasyurus spartacus",3
"851","Dasyurus viverrinus",6.8
"852","Murexechinus melanurus",0.166666667
"853","Ningaui ridei",2
"854","Ningaui timealeyi",2
"855","Ningaui yvonnae",1.083333333
"856","Parantechinus apicalis",3
"857","Phascogale calura",3
"858","Phascogale tapoatafa",4
"859","Planigale gilesi",4
"860","Planigale ingrami",1.3
"861","Planigale maculata",4.870833333
"862","Planigale novaeguineae",0.416666667
"863","Planigale tenuirostris",4
"864","Pseudantechinus bilarni",2
"865","Pseudantechinus macdonnellensis",2.5
"866","Pseudantechinus mimulus",2.5
"867","Pseudantechinus ningbing",2
"868","Pseudantechinus woolleyae",3.6
"869","Sarcophilus harrisii",8.1
"870","Sminthopsis boullangerensis",3.5875
"871","Sminthopsis crassicaudata",2
"872","Sminthopsis dolichura",3
"873","Sminthopsis douglasi",2.6
"874","Sminthopsis fuliginosus",2
"875","Sminthopsis griseoventer",3.5875
"876","Sminthopsis hirtipes",1.416666667
"877","Sminthopsis leucopus",2
"878","Sminthopsis longicaudata",2.2875
"879","Sminthopsis macroura",4.9
"880","Sminthopsis murina",2
"881","Sminthopsis ooldea",1.916666667
"882","Sminthopsis psammophila",5
"883","Sminthopsis virginiae",2
"884","Sminthopsis youngsoni",5.3
"885","Myrmecobius fasciatus",6
"886","Thylacinus cynocephalus",11.2375
"887","Cynocephalus volans",17.5
"888","Galeopterus variegates",8.89375
"889","Caluromys derbianus",6.333333333
"890","Caluromys lanatus",5
"891","Caluromys philander",7.616666667
"892","Caluromysiops irrupta",7.8
"893","Chironectes minimus",3
"894","Didelphis albiventris",1.641666667
"895","Didelphis aurita",4
"896","Didelphis imperfecta",1.641666667
"897","Didelphis marsupialis",4
"898","Didelphis pernigra",1.641666667
"899","Didelphis virginiana",4.179166667
"900","Glironia venusta",1.5
"901","Gracilinanus agilis",6.075
"902","Gracilinanus microtarsus",1
"903","Lestodelphys halli",2.991666667
"904","Lutreolina crassicaudata",2.954166667
"905","Marmosa mexicana",9.5
"906","Marmosa murina",12
"907","Marmosa quichua",12
"908","Marmosa robinsoni",2
"909","Marmosa xerophila",1.083333333
"910","Marmosops fuscatus",2.491666667
"911","Marmosops impavidus",2.995833333
"912","Marmosops invictus",2.325
"913","Marmosops neblina",2.995833333
"914","Marmosops noctivagus",4.495833333
"915","Marmosops paulensis",1
"916","Metachirus nudicaudatus",3
"917","Micoureus demerarae",2.325
"918","Micoureus paraguayanus",2.908333333
"919","Micoureus regina",1
"920","Monodelphis adusta",4.1
"921","Monodelphis brevicaudata",3.9
"922","Monodelphis dimidiata",1
"923","Monodelphis domestica",5.55
"924","Monodelphis glirina",3.9
"925","Monodelphis maraxina",5.55
"926","Monodelphis scalops",4.1
"927","Monodelphis sorex",0.666666667
"928","Philander andersoni",2.3
"929","Philander frenatus",3.5
"930","Philander mcilhennyi",2.3
"931","Philander opossum",3.5
"932","Thylamys cinderella",1.583333333
"933","Thylamys elegans",1.583333333
"934","Thylamys pallidior",1.5
"935","Thylamys tatei",1.583333333
"936","Thylamys venustus",1.583333333
"937","Tlacuatzin canescens",2
"938","Acrobates pygmaeus",7.966666667
"939","Distoechurus pennatus",1.5
"940","Burramys parvus",10.2
"941","Cercartetus caudatus",3.2
"942","Cercartetus concinnus",8
"943","Cercartetus nanus",9.15
"944","Hypsiprymnodon moschatus",4.995833333
"945","Dendrolagus bennettianus",15.7
"946","Dendrolagus dorianus",13.5
"947","Dendrolagus goodfellowi",23.44583333
"948","Dendrolagus inustus",23.70833333
"949","Dendrolagus lumholtzi",2.083333333
"950","Dendrolagus matschiei",23.83333333
"951","Dendrolagus pulcherrimus",23.44583333
"952","Dendrolagus scottae",20
"953","Dendrolagus spadix",23.44583333
"954","Dendrolagus stellarum",19.71666667
"955","Dendrolagus ursinus",20.1
"956","Dorcopsis atrata",8
"957","Dorcopsis luctuosa",13.89166667
"958","Dorcopsis muelleri",12.39583333
"959","Dorcopsulus macleayi",7.9
"960","Lagorchestes asomatus",6.65
"961","Lagorchestes conspicillatus",8.8
"962","Lagorchestes hirsutus",13.2
"963","Lagorchestes leporides",1
"964","Lagostrophus fasciatus",4
"965","Macropus agilis",12
"966","Macropus antilopinus",19.71666667
"967","Macropus bernardus",11.8
"968","Macropus dorsalis",13.7
"969","Macropus eugenii",14
"970","Macropus fuliginosus",21.6
"971","Macropus giganteus",24
"972","Macropus greyi",1.083333333
"973","Macropus irma",2.166666667
"974","Macropus parma",10
"975","Macropus parryi",9.85
"976","Macropus robustus",21.97916667
"977","Macropus rufogriseus",15.2
"978","Macropus rufus",25
"979","Onychogalea fraenata",7.4
"980","Onychogalea lunata",0.5
"981","Onychogalea unguifera",5.5
"982","Petrogale assimilis",13
"983","Petrogale brachyotis",10.1
"984","Petrogale concinna",11.7
"985","Petrogale herberti",14.35416667
"986","Petrogale inornata",6.983333333
"987","Petrogale lateralis",12
"988","Petrogale penicillata",14.35416667
"989","Petrogale persephone",10
"990","Petrogale purpureicollis",12
"991","Petrogale rothschildi",0.583333333
"992","Petrogale xanthopus",14.39166667
"993","Setonix brachyurus",12
"994","Thylogale billardierii",8.8
"995","Thylogale brunii",9.6
"996","Thylogale stigmatica",9.675
"997","Thylogale thetis",9
"998","Wallabia bicolor",15
"999","Dactylopsila megalura",9.583333333
"1000","Dactylopsila tatei",9.583333333
"1001","Dactylopsila trivirgata",9.583333333
"1002","Gymnobelideus leadbeateri",11
"1003","Petaurus australis",15
"1004","Petaurus biacensis",14
"1005","Petaurus breviceps",14
"1006","Petaurus gracilis",13.4
"1007","Petaurus norfolcensis",13.4
"1008","Ailurops melanotis",5.904166667
"1009","Ailurops ursinus",5.904166667
"1010","Phalanger carmelitae",2.491666667
"1011","Phalanger gymnotis",18.88333333
"1012","Phalanger intercastellanus",4.075
"1013","Phalanger lullulae",4.075
"1014","Phalanger matabiru",4.075
"1015","Phalanger mimicus",4.075
"1016","Phalanger orientalis",4.075
"1017","Phalanger ornatus",4.075
"1018","Phalanger rothschildi",3.408333333
"1019","Phalanger vestitus",2.491666667
"1020","Spilocuscus kraemeri",12.1125
"1021","Spilocuscus maculatus",12.1125
"1022","Spilocuscus papuensis",12.1125
"1023","Strigocuscus celebensis",3.408333333
"1024","Strigocuscus pelengensis",3.408333333
"1025","Trichosurus arnhemensis",13
"1026","Trichosurus caninus",17
"1027","Trichosurus johnstonii",14.7
"1028","Trichosurus vulpecula",14.7
"1029","Wyulda squamicaudata",5.15
"1030","Phascolarctos cinereus",20
"1031","Aepyprymnus rufescens",8
"1032","Bettongia gaimardi",11.8
"1033","Bettongia lesueur",9.95
"1034","Bettongia penicillata",18.8
"1035","Bettongia tropica",12.9
"1036","Caloprymnus campestris",13
"1037","Potorous gilbertii",12
"1038","Potorous longipes",15.3
"1039","Potorous tridactylus",13.25
"1040","Hemibelideus lemuroides",5.4
"1041","Petauroides volans",15
"1042","Petropseudes dahli",3.075
"1043","Pseudocheirus peregrinus",8
"1044","Pseudochirops albertisii",1.75
"1045","Pseudochirops coronatus",1.75
"1046","Pseudochirulus canescens",5
"1047","Pseudochirulus cinereus",5
"1048","Pseudochirulus herbertensis",5
"1049","Pseudochirulus mayeri",4.5
"1050","Tarsipes rostratus",2
"1051","Lasiorhinus krefftii",29.87916667
"1052","Lasiorhinus latifrons",24.5
"1053","Vombatus ursinus",26.1
"1054","Atelerix albiventris",11.39583333
"1055","Atelerix algirus",7
"1056","Atelerix frontalis",6.9
"1057","Atelerix sclateri",11.39166667
"1058","Echinosorex gymnura",4.583333333
"1059","Erinaceus amurensis",8.15
"1060","Erinaceus concolor",8
"1061","Erinaceus europaeus",11.64166667
"1062","Erinaceus roumanicus",8
"1063","Hemiechinus auritus",7.183333333
"1064","Hemiechinus collaris",6.8
"1065","Hylomys parvus",0.333333333
"1066","Hylomys suillus",0.333333333
"1067","Paraechinus aethiopicus",5.329166667
"1068","Paraechinus hypomelas",7.15
"1069","Paraechinus micropus",3.741666667
"1070","Dendrohyrax arboreus",12.3
"1071","Dendrohyrax dorsalis",7.75
"1072","Heterohyrax brucei",12.8625
"1073","Procavia capensis",14
"1074","Brachylagus idahoensis",4.325
"1075","Bunolagus monticularis",4.825
"1076","Lepus americanus",5.408333333
"1077","Lepus arcticus",10.1125
"1078","Lepus brachyurus",12.9875
"1079","Lepus californicus",6.8
"1080","Lepus callotis",2.991666667
"1081","Lepus capensis",8.9
"1082","Lepus corsicanus",10.65
"1083","Lepus europaeus",10.65
"1084","Lepus flavigularis",2.991666667
"1085","Lepus granatensis",8.9
"1086","Lepus habessinicus",8.9
"1087","Lepus mandshuricus",12.9875
"1088","Lepus microtis",2
"1089","Lepus nigricollis",0.083333333
"1090","Lepus othus",14.6125
"1091","Lepus saxatilis",9.775
"1092","Lepus starcki",8.9
"1093","Lepus tibetanus",4.658333333
"1094","Lepus timidus",14.6125
"1095","Lepus tolai",4.658333333
"1096","Lepus townsendii",8
"1097","Oryctolagus cuniculus",10
"1098","Pentalagus furnessi",12.475
"1099","Pronolagus crassicaudatus",2.083333333
"1100","Pronolagus randensis",2.083333333
"1101","Pronolagus rupestris",2.083333333
"1102","Romerolagus diazi",9.15
"1103","Sylvilagus audubonii",7.808333333
"1104","Sylvilagus brasiliensis",2
"1105","Sylvilagus cognatus",9
"1106","Sylvilagus dicei",5.5
"1107","Sylvilagus floridanus",9
"1108","Sylvilagus nuttallii",7.4
"1109","Sylvilagus palustris",7.583333333
"1110","Sylvilagus robustus",9
"1111","Sylvilagus transitionalis",9.116666667
"1112","Ochotona alpina",3
"1113","Ochotona argentata",3.5
"1114","Ochotona cansus",5
"1115","Ochotona collaris",6
"1116","Ochotona curzoniae",2.495833333
"1117","Ochotona dauurica",1.166666667
"1118","Ochotona erythrotis",2.575
"1119","Ochotona forresti",3.5375
"1120","Ochotona gloveri",2.575
"1121","Ochotona hoffmanni",3
"1122","Ochotona hyperborea",9.4
"1123","Ochotona macrotis",2.083333333
"1124","Ochotona muliensis",2.575
"1125","Ochotona nubrica",4
"1126","Ochotona pallasi",4
"1127","Ochotona princeps",7
"1128","Ochotona pusilla",4
"1129","Ochotona roylei",2.083333333
"1130","Ochotona rufescens",3.325
"1131","Ochotona rutila",2.575
"1132","Ochotona turuchanensis",9.4
"1133","Elephantulus brachyrhynchus",4.158333333
"1134","Elephantulus edwardii",5.658333333
"1135","Elephantulus intufi",8.8
"1136","Elephantulus myurus",1.1
"1137","Elephantulus rozeti",3
"1138","Elephantulus rufescens",6
"1139","Elephantulus rupestris",4.158333333
"1140","Macroscelides proboscideus",8.675
"1141","Petrodromus tetradactylus",7.15
"1142","Rhynchocyon chrysopygus",5
"1143","Rhynchocyon petersi",4.491666667
"1144","Dromiciops gliroides",3.2
"1145","Ornithorhynchus anatinus",17
"1146","Tachyglossus aculeatus",49.5
"1147","Zaglossus bartoni",31
"1148","Zaglossus bruijni",31
"1149","Notoryctes caurinus",0.083333333
"1150","Notoryctes typhlops",1.5
"1151","Echymipera kalubu",2.679166667
"1152","Echymipera rufescens",2.9875
"1153","Isoodon auratus",6.495833333
"1154","Isoodon macrourus",3
"1155","Isoodon obesulus",6.491666667
"1156","Perameles bougainville",5.8
"1157","Perameles gunnii",5.7875
"1158","Perameles nasuta",5.5875
"1159","Peroryctes raffrayana",3.241666667
"1160","Macrotis lagotis",9.566666667
"1161","Equus asinus",47
"1162","Equus burchellii",38
"1163","Equus caballus",57
"1164","Equus grevyi",27.375
"1165","Equus hemionus",28.8625
"1166","Equus kiang",30.025
"1167","Equus quagga",20.64583333
"1168","Equus zebra",26.75
"1169","Ceratotherium simum",45
"1170","Dicerorhinus sumatrensis",32.7
"1171","Diceros bicornis",46.41666667
"1172","Rhinoceros sondaicus",22.20833333
"1173","Rhinoceros unicornis",46
"1174","Tapirus bairdii",29.5625
"1175","Tapirus indicus",33.21666667
"1176","Tapirus pinchaque",27.8
"1177","Tapirus terrestris",35
"1178","Manis crassicaudata",13.5
"1179","Manis culionensis",6.075
"1180","Manis gigantea",4.575
"1181","Manis javanica",6.075
"1182","Manis pentadactyla",15.225
"1183","Manis temminckii",3.158333333
"1184","Manis tetradactyla",5.325
"1185","Bradypus torquatus",12
"1186","Bradypus tridactylus",25.82083333
"1187","Bradypus variegatus",3.241666667
"1188","Cyclopes didactylus",2.3
"1189","Choloepus didactylus",32.28333333
"1190","Choloepus hoffmanni",32.1
"1191","Myrmecophaga tridactyla",26
"1192","Tamandua mexicana",9.5
"1193","Tamandua tetradactyla",9.5
"1194","Aotus azarae",22.2375
"1195","Aotus lemurinus",31.84166667
"1196","Aotus nancymaae",11.39166667
"1197","Aotus nigriceps",5.408333333
"1198","Aotus trivirgatus",25.3
"1199","Aotus vociferans",22.07083333
"1200","Alouatta belzebul",35.18333333
"1201","Alouatta caraya",26.32916667
"1202","Alouatta coibensis",20
"1203","Alouatta guariba",13.80833333
"1204","Alouatta macconnelli",25
"1205","Alouatta nigerrima",35.18333333
"1206","Alouatta palliata",22
"1207","Alouatta pigra",20
"1208","Alouatta sara",25
"1209","Alouatta seniculus",25
"1210","Ateles belzebuth",28
"1211","Ateles chamek",37
"1212","Ateles fusciceps",44.54166667
"1213","Ateles geoffroyi",47.1
"1214","Ateles hybridus",28
"1215","Ateles marginatus",32.5
"1216","Ateles paniscus",37.8
"1217","Brachyteles arachnoides",14.475
"1218","Brachyteles hypoxanthus",11.72916667
"1219","Lagothrix cana",29.275
"1220","Lagothrix lagotricha",27.95833333
"1221","Lagothrix lugens",30
"1222","Lagothrix poeppigii",25.91666667
"1223","Oreonax flavicauda",6.983333333
"1224","Callimico goeldii",17.9
"1225","Callithrix argentata",16.5
"1226","Callithrix aurita",16
"1227","Callithrix chrysoleuca",8.25
"1228","Callithrix emiliae",16.5
"1229","Callithrix flaviceps",16
"1230","Callithrix geoffroyi",16.5
"1231","Callithrix humeralifera",15.35
"1232","Callithrix intermedia",15.85
"1233","Callithrix jacchus",16.25
"1234","Callithrix kuhlii",16
"1235","Callithrix leucippe",16.48333333
"1236","Callithrix marcai",16.5
"1237","Callithrix melanura",16.48333333
"1238","Callithrix penicillata",15.7
"1239","Callithrix pygmaea",16.55
"1240","Cebus albifrons",40.37083333
"1241","Cebus apella",45.08333333
"1242","Cebus capucinus",54
"1243","Cebus kaapori",41
"1244","Cebus libidinosus",45.04166667
"1245","Cebus nigritus",45
"1246","Cebus olivaceus",41
"1247","Cebus xanthosternos",45.04166667
"1248","Leontopithecus caissara",26.48333333
"1249","Leontopithecus chrysomelas",24.8
"1250","Leontopithecus chrysopygus",26.48333333
"1251","Leontopithecus rosalia",28.16666667
"1252","Saguinus bicolor",18.69166667
"1253","Saguinus fuscicollis",24.5
"1254","Saguinus geoffroyi",23.1
"1255","Saguinus graellsi",15.2
"1256","Saguinus imperator",20.2
"1257","Saguinus inustus",3.408333333
"1258","Saguinus labiatus",20.4375
"1259","Saguinus leucopus",15.2125
"1260","Saguinus martinsi",18.38333333
"1261","Saguinus melanoleucus",24.5
"1262","Saguinus midas",15.4
"1263","Saguinus mystax",19.97916667
"1264","Saguinus niger",17.80416667
"1265","Saguinus nigricollis",15.2
"1266","Saguinus oedipus",25
"1267","Saguinus pileatus",19.95833333
"1268","Saguinus tripartitus",24.5
"1269","Saimiri boliviensis",28.59583333
"1270","Saimiri oerstedii",17.21666667
"1271","Saimiri sciureus",27
"1272","Saimiri ustus",14.39166667
"1273","Saimiri vanzolinii",28.59583333
"1274","Allenopithecus nigroviridis",23
"1275","Cercocebus agilis",24
"1276","Cercocebus atys",27
"1277","Cercocebus chrysogaster",23.04166667
"1278","Cercocebus galeritus",19
"1279","Cercocebus sanjei",19
"1280","Cercocebus torquatus",30
"1281","Cercopithecus albogularis",29.97916667
"1282","Cercopithecus ascanius",28.3
"1283","Cercopithecus campbelli",30
"1284","Cercopithecus cephus",28.425
"1285","Cercopithecus denti",24.1
"1286","Cercopithecus diana",34.925
"1287","Cercopithecus doggetti",27.1
"1288","Cercopithecus dryas",34.925
"1289","Cercopithecus erythrogaster",23
"1290","Cercopithecus erythrotis",24.61666667
"1291","Cercopithecus hamlyni",28.525
"1292","Cercopithecus kandti",27.1
"1293","Cercopithecus lhoesti",20.02083333
"1294","Cercopithecus lowei",30
"1295","Cercopithecus mitis",27.1
"1296","Cercopithecus mona",30
"1297","Cercopithecus neglectus",28.5375
"1298","Cercopithecus nictitans",23
"1299","Cercopithecus petaurista",19
"1300","Cercopithecus pogonias",24.1
"1301","Cercopithecus preussi",24.07083333
"1302","Cercopithecus roloway",34.83333333
"1303","Cercopithecus sclateri",23.80833333
"1304","Cercopithecus solatus",18.05
"1305","Cercopithecus wolfi",25.4
"1306","Chlorocebus aethiops",30.69166667
"1307","Chlorocebus cynosuros",30
"1308","Chlorocebus djamdjamensis",30.34583333
"1309","Chlorocebus pygerythrus",30.34583333
"1310","Chlorocebus sabaeus",30.34583333
"1311","Chlorocebus tantalus",30.34583333
"1312","Colobus angolensis",30.5
"1313","Colobus guereza",26
"1314","Colobus polykomos",27.5
"1315","Colobus satanas",27.5
"1316","Colobus vellerosus",26.75
"1317","Erythrocebus patas",23.9
"1318","Lophocebus albigena",32.68333333
"1319","Lophocebus aterrimus",32.68333333
"1320","Lophocebus opdenboschi",32.66666667
"1321","Macaca arctoides",29.44583333
"1322","Macaca assamensis",31.37916667
"1323","Macaca cyclopis",21.45833333
"1324","Macaca fascicularis",37.55
"1325","Macaca fuscata",33
"1326","Macaca hecki",31.72083333
"1327","Macaca leonina",34.3
"1328","Macaca maura",33.93333333
"1329","Macaca mulatta",34.63333333
"1330","Macaca nemestrina",34.3
"1331","Macaca nigra",33.93333333
"1332","Macaca nigrescens",33.93333333
"1333","Macaca ochreata",33
"1334","Macaca pagensis",32.15
"1335","Macaca radiata",30
"1336","Macaca siberu",32.15
"1337","Macaca silenus",40
"1338","Macaca sinica",30
"1339","Macaca sylvanus",22
"1340","Macaca thibetana",28.1
"1341","Macaca tonkeana",28.38333333
"1342","Mandrillus leucophaeus",33.4
"1343","Mandrillus sphinx",40
"1344","Miopithecus ogouensis",27.03333333
"1345","Miopithecus talapoin",27.7
"1346","Nasalis larvatus",21
"1347","Papio anubis",37.2125
"1348","Papio cynocephalus",37.5
"1349","Papio hamadryas",37.5
"1350","Papio papio",37.425
"1351","Papio ursinus",37.4625
"1352","Piliocolobus badius",3.158333333
"1353","Piliocolobus foai",2.579166667
"1354","Piliocolobus kirkii",2.166666667
"1355","Piliocolobus pennantii",3.158333333
"1356","Presbytis chrysomelas",18
"1357","Presbytis femoralis",18
"1358","Presbytis melalophos",18
"1359","Presbytis natunae",16
"1360","Presbytis rubicunda",7.316666667
"1361","Presbytis siamensis",16
"1362","Presbytis thomasi",12.225
"1363","Pygathrix cinerea",25
"1364","Pygathrix nemaeus",25
"1365","Pygathrix nigripes",25
"1366","Rhinopithecus bieti",22.07083333
"1367","Rhinopithecus brelichi",23.79166667
"1368","Rhinopithecus roxellana",26.64583333
"1369","Semnopithecus ajax",27
"1370","Semnopithecus dussumieri",27
"1371","Semnopithecus entellus",27
"1372","Semnopithecus hector",27
"1373","Semnopithecus hypoleucos",27
"1374","Semnopithecus priam",25.78333333
"1375","Semnopithecus schistaceus",25
"1376","Theropithecus gelada",28
"1377","Trachypithecus auratus",31.0625
"1378","Trachypithecus barbei",29.7
"1379","Trachypithecus cristatus",31.1
"1380","Trachypithecus delacouri",23.125
"1381","Trachypithecus ebenus",26.3
"1382","Trachypithecus francoisi",24.7125
"1383","Trachypithecus geei",15.30833333
"1384","Trachypithecus germaini",29.7
"1385","Trachypithecus hatinhensis",18.675
"1386","Trachypithecus johnii",34.3
"1387","Trachypithecus laotum",23.125
"1388","Trachypithecus obscurus",33.76666667
"1389","Trachypithecus phayrei",28.3
"1390","Trachypithecus pileatus",25.11666667
"1391","Trachypithecus poliocephalus",26.3
"1392","Trachypithecus shortridgei",15.55416667
"1393","Trachypithecus vetulus",24.51666667
"1394","Allocebus trichotis",8.983333333
"1395","Cheirogaleus adipicaudatus",17
"1396","Cheirogaleus crossleyi",11.69583333
"1397","Cheirogaleus major",13.39166667
"1398","Cheirogaleus medius",19.23333333
"1399","Cheirogaleus sibreei",13.39166667
"1400","Microcebus griseorufus",15.5
"1401","Microcebus murinus",15.5
"1402","Microcebus myoxinus",15.5
"1403","Microcebus rufus",15.5
"1404","Mirza coquereli",15.3
"1405","Phaner electromontis",12
"1406","Phaner furcifer",12
"1407","Phaner pallescens",12
"1408","Phaner parienti",12
"1409","Daubentonia madagascariensis",23.275
"1410","Euoticus elegantulus",15
"1411","Euoticus pallidus",9.745833333
"1412","Galago alleni",10
"1413","Galago cameronensis",8
"1414","Galago demidoff",13.39583333
"1415","Galago gabonensis",10
"1416","Galago gallarum",17.025
"1417","Galago granti",17
"1418","Galago matschiei",17
"1419","Galago moholi",17
"1420","Galago nyasae",17
"1421","Galago senegalensis",17.025
"1422","Galago thomasi",13.39583333
"1423","Galago zanzibaricus",17
"1424","Otolemur crassicaudatus",18.8
"1425","Otolemur garnettii",17
"1426","Otolemur monteiri",18.8
"1427","Gorilla beringei",50.45
"1428","Gorilla gorilla",50.2
"1429","Homo sapiens",122.5
"1430","Pan paniscus",48
"1431","Pan troglodytes",59.35
"1432","Pongo abelii",59
"1433","Pongo pygmaeus",58.9
"1434","Bunopithecus hoolock",30.4375
"1435","Hylobates agilis",44
"1436","Hylobates albibarbis",42
"1437","Hylobates klossii",36.25833333
"1438","Hylobates lar",40
"1439","Hylobates moloch",40
"1440","Hylobates muelleri",40
"1441","Hylobates pileatus",36.95
"1442","Nomascus concolor",44.1
"1443","Nomascus gabriellae",44.1
"1444","Nomascus hainanus",3.158333333
"1445","Nomascus leucogenys",40.84583333
"1446","Nomascus siki",44
"1447","Symphalangus syndactylus",38
"1448","Propithecus coquereli",20.6
"1449","Propithecus deckenii",20.125
"1450","Propithecus diadema",11.05833333
"1451","Propithecus edwardsi",11.05833333
"1452","Propithecus perrieri",11.05833333
"1453","Propithecus tattersalli",20.22916667
"1454","Propithecus verreauxi",19.4
"1455","Eulemur albifrons",35.5
"1456","Eulemur albocollaris",35.35
"1457","Eulemur cinereiceps",33.075
"1458","Eulemur collaris",35.35
"1459","Eulemur coronatus",25.61666667
"1460","Eulemur fulvus",35.425
"1461","Eulemur macaco",30
"1462","Eulemur mongoz",30
"1463","Eulemur rubriventer",20.27083333
"1464","Eulemur rufus",32.775
"1465","Eulemur sanfordi",35.35
"1466","Hapalemur alaotrensis",17.1
"1467","Hapalemur aureus",11.39166667
"1468","Hapalemur griseus",17.1
"1469","Hapalemur occidentalis",17.1
"1470","Lemur catta",30
"1471","Prolemur simus",14.775
"1472","Varecia rubra",32
"1473","Varecia variegata",32
"1474","Lepilemur ankaranensis",12
"1475","Lepilemur dorsalis",12
"1476","Lepilemur edwardsi",12
"1477","Lepilemur leucopus",12
"1478","Lepilemur microdon",12
"1479","Lepilemur mustelinus",12
"1480","Lepilemur ruficaudatus",12
"1481","Lepilemur septentrionalis",12
"1482","Arctocebus aureus",13
"1483","Arctocebus calabarensis",13
"1484","Loris lydekkerianus",16.4
"1485","Loris tardigradus",15.90833333
"1486","Nycticebus bengalensis",25.75
"1487","Nycticebus coucang",25.8
"1488","Nycticebus pygmaeus",25.7
"1489","Perodicticus potto",26
"1490","Pseudopotto martini",1.833333333
"1491","Cacajao calvus",25
"1492","Cacajao melanocephalus",18
"1493","Callicebus baptista",25.15
"1494","Callicebus barbarabrownae",10.06666667
"1495","Callicebus brunneus",25.3
"1496","Callicebus coimbrai",10.06666667
"1497","Callicebus cupreus",25.3
"1498","Callicebus discolor",25.3
"1499","Callicebus donacophilus",25.39166667
"1500","Callicebus hoffmannsi",25.15
"1501","Callicebus lucifer",8.483333333
"1502","Callicebus lugens",8.483333333
"1503","Callicebus medemi",8.483333333
"1504","Callicebus melanochir",10.06666667
"1505","Callicebus moloch",25.3
"1506","Callicebus nigrifrons",10.06666667
"1507","Callicebus ornatus",25.3
"1508","Callicebus pallescens",25
"1509","Callicebus personatus",10.06666667
"1510","Callicebus purinus",8.483333333
"1511","Callicebus regulus",8.483333333
"1512","Callicebus torquatus",8.483333333
"1513","Chiropotes albinasus",17
"1514","Chiropotes chiropotes",18
"1515","Chiropotes israelita",18
"1516","Chiropotes satanas",18
"1517","Chiropotes utahickae",18
"1518","Pithecia aequatorialis",14.9
"1519","Pithecia irrorata",20.54166667
"1520","Pithecia monachus",20.54166667
"1521","Pithecia pithecia",27.85
"1522","Tarsius bancanus",14.15
"1523","Tarsius dentatus",12
"1524","Tarsius pelengensis",12
"1525","Tarsius pumilus",12
"1526","Tarsius sangirensis",12
"1527","Tarsius syrichta",13.5
"1528","Tarsius tarsier",12
"1529","Elephas maximus",73.5
"1530","Loxodonta africana",65
"1531","Loxodonta cyclotis",65
"1532","Abrocoma bennettii",2.3
"1533","Abrocoma budini",1.083333333
"1534","Abrocoma cinerea",1.083333333
"1535","Abrocoma famatina",1.083333333
"1536","Abrocoma shistacea",1.083333333
"1537","Abrocoma vaccarum",1.083333333
"1538","Aplodontia rufa",6
"1539","Bathyergus janetta",1.5
"1540","Bathyergus suillus",1.5
"1541","Cryptomys amatus",10.975
"1542","Cryptomys anselli",15.04166667
"1543","Cryptomys bocagei",10.27916667
"1544","Cryptomys damarensis",13.69583333
"1545","Cryptomys darlingi",10.975
"1546","Cryptomys hottentotus",10.975
"1547","Georychus capensis",3
"1548","Heliophobius argenteocinereus",3.1
"1549","Heterocephalus glaber",16
"1550","Calomyscus bailwardi",9.358333333
"1551","Calomyscus baluchi",9.358333333
"1552","Calomyscus elburzensis",9.316666667
"1553","Calomyscus grandis",9.358333333
"1554","Calomyscus hotsoni",9.358333333
"1555","Calomyscus mystax",9.316666667
"1556","Calomyscus urartensis",9.358333333
"1557","Capromys pilorides",11.33333333
"1558","Geocapromys brownii",11.65416667
"1559","Geocapromys ingrahami",7.658333333
"1560","Geocapromys thoracatus",9.833333333
"1561","Mysateles prehensilis",0.666666667
"1562","Plagiodontia aedium",9.916666667
"1563","Castor canadensis",23.29166667
"1564","Castor fiber",25
"1565","Cavia aperea",6
"1566","Cavia magna",1.583333333
"1567","Cavia porcellus",12
"1568","Cavia tschudii",6.241666667
"1569","Dolichotis patagonum",14.15416667
"1570","Dolichotis salinicola",4.491666667
"1571","Galea musteloides",1.833333333
"1572","Galea spixii",4.6
"1573","Hydrochoeris hydrochaeris",12
"1574","Kerodon rupestris",11
"1575","Chinchilla chinchilla",17.13333333
"1576","Chinchilla lanigera",17.16666667
"1577","Lagidium peruanum",19.5
"1578","Lagidium viscacia",19.48333333
"1579","Lagidium wolffsohni",19.48333333
"1580","Lagostomus maximus",9.408333333
"1581","Abrothrix markhami",1
"1582","Abrothrix olivaceus",1
"1583","Akodon azarae",0.833333333
"1584","Allocricetulus curtatus",2.408333333
"1585","Allocricetulus eversmanni",2.658333333
"1586","Alticola argentatus",3.241666667
"1587","Alticola olchonensis",3.241666667
"1588","Alticola semicanus",3.8125
"1589","Alticola strelzowi",2.741666667
"1590","Arborimus longicaudus",0.166666667
"1591","Arvicola amphibius",4.25
"1592","Arvicola sapidus",3.5
"1593","Arvicola scherman",3.5
"1594","Baiomys taylori",3.13
"1595","Blanfordimys afghanus",1.333333333
"1596","Calomys boliviae",0.416666667
"1597","Calomys hummelincki",1.583333333
"1598","Calomys laucha",1.583333333
"1599","Calomys musculinus",1.583333333
"1600","Calomys tener",1.583333333
"1601","Cansumys canus",4.575
"1602","Chionomys nivalis",2.325
"1603","Cricetulus alticola",0.333333333
"1604","Cricetulus barabensis",5.270833333
"1605","Cricetulus kamensis",0.333333333
"1606","Cricetulus longicaudatus",0.166666667
"1607","Cricetulus migratorius",2.408333333
"1608","Cricetus cricetus",3.8
"1609","Dicrostonyx groenlandicus",3.3
"1610","Dicrostonyx hudsonius",0.666666667
"1611","Dicrostonyx nelsoni",3.3
"1612","Dicrostonyx nunatakensis",3.3
"1613","Dicrostonyx richardsoni",2.65
"1614","Dicrostonyx torquatus",3.75
"1615","Dicrostonyx unalascensis",2.191666667
"1616","Dicrostonyx vinogradovi",3.75
"1617","Eligmodontia puerulus",0.8
"1618","Eligmodontia typus",0.8
"1619","Ellobius talpinus",0.583333333
"1620","Ellobius tancrei",0.458333333
"1621","Eolagurus luteus",1.416666667
"1622","Lagurus lagurus",3.8125
"1623","Lasiopodomys brandtii",4.0875
"1624","Lemmus amurensis",1.666666667
"1625","Lemmus lemmus",2
"1626","Lemmus portenkoi",1.666666667
"1627","Lemmus sibiricus",1.666666667
"1628","Lemmus trimucronatus",1.666666667
"1629","Lophiomys imhausi",7.5
"1630","Megalomys luciae",2.991666667
"1631","Mesocricetus auratus",3.9
"1632","Mesocricetus brandti",3.9
"1633","Mesocricetus newtoni",3.9
"1634","Mesocricetus raddei",3.45
"1635","Microtus agrestis",3.3
"1636","Microtus arvalis",3
"1637","Microtus californicus",2.083333333
"1638","Microtus duodecimcostatus",1.833333333
"1639","Microtus fortis",2.166666667
"1640","Microtus guentheri",3.9
"1641","Microtus ilaeus",3
"1642","Microtus irani",1
"1643","Microtus levis",3
"1644","Microtus limnophilus",1.8
"1645","Microtus longicaudus",1.166666667
"1646","Microtus middendorffii",2.141666667
"1647","Microtus miurus",2.141666667
"1648","Microtus mongolicus",3
"1649","Microtus montebelli",1.8
"1650","Microtus ochrogaster",5.3
"1651","Microtus oeconomus",1.8
"1652","Microtus oregoni",0.666666667
"1653","Microtus paradoxus",1
"1654","Microtus pennsylvanicus",1.333333333
"1655","Microtus pinetorum",3.3
"1656","Microtus richardsoni",1.5
"1657","Microtus schidlovskii",1
"1658","Microtus socialis",1
"1659","Microtus subterraneus",2.833333333
"1660","Microtus transcaspicus",2.241666667
"1661","Myodes andersoni",1.166666667
"1662","Myodes californicus",2.408333333
"1663","Myodes centralis",4.9
"1664","Myodes gapperi",2.0375
"1665","Myodes glareolus",4.9
"1666","Myodes imaizumii",1.166666667
"1667","Myodes regulus",3.325
"1668","Myodes rex",3.325
"1669","Myodes rufocanus",3.325
"1670","Myodes shanseius",3.325
"1671","Myodes smithii",3.4125
"1672","Myopus schisticolor",1
"1673","Nectomys apicalis",2.658333333
"1674","Nectomys magdalenae",2.658333333
"1675","Nectomys palmipes",2.658333333
"1676","Nectomys rattus",2.658333333
"1677","Nectomys squamipes",2.658333333
"1678","Neotoma albigula",7.7
"1679","Neotoma angustapalata",0.666666667
"1680","Neotoma anthonyi",10.48333333
"1681","Neotoma bryanti",10.48333333
"1682","Neotoma bunkeri",10.48333333
"1683","Neotoma chrysomelas",0.666666667
"1684","Neotoma cinerea",4.4125
"1685","Neotoma devia",10.48333333
"1686","Neotoma floridana",7.7
"1687","Neotoma fuscipes",0.833333333
"1688","Neotoma goldmani",7.7
"1689","Neotoma lepida",10.48333333
"1690","Neotoma leucodon",7.7
"1691","Neotoma macrotis",0.833333333
"1692","Neotoma magister",7.7
"1693","Neotoma martinensis",10.48333333
"1694","Neotoma mexicana",0.666666667
"1695","Neotoma micropus",7.683333333
"1696","Neotoma nelsoni",7.7
"1697","Neotoma palatina",7.7
"1698","Neotoma stephensi",10.48333333
"1699","Nyctomys sumichrasti",5.2
"1700","Ochrotomys nuttalli",8.4
"1701","Oligoryzomys destructor",2.825
"1702","Oligoryzomys longicaudatus",2.825
"1703","Oligoryzomys magellanicus",2.825
"1704","Ondatra zibethicus",10
"1705","Onychomys arenicola",4.6
"1706","Onychomys leucogaster",5
"1707","Onychomys torridus",4.8
"1708","Oryzomys couesi",1.895833333
"1709","Oryzomys emmonsae",7.9
"1710","Oryzomys galapagoensis",1.666666667
"1711","Oryzomys laticeps",3.870833333
"1712","Oryzomys megacephalus",3.870833333
"1713","Oryzomys nitidus",3.870833333
"1714","Oryzomys palustris",1.895833333
"1715","Oryzomys perenensis",3.870833333
"1716","Ototylomys phyllotis",1.833333333
"1717","Oxymycterus dasytrichus",2.6
"1718","Oxymycterus hispidus",2.6
"1719","Oxymycterus josei",2.6
"1720","Oxymycterus nasutus",2.6
"1721","Oxymycterus quaestor",2.6
"1722","Oxymycterus roberti",2.6
"1723","Oxymycterus rufus",2.6
"1724","Peromyscus attwateri",2.1625
"1725","Peromyscus aztecus",1.5
"1726","Peromyscus beatae",1.5
"1727","Peromyscus boylii",1.5
"1728","Peromyscus bullatus",5.3625
"1729","Peromyscus californicus",5.454166667
"1730","Peromyscus caniceps",7.4
"1731","Peromyscus crinitus",6.429166667
"1732","Peromyscus dickeyi",7.4
"1733","Peromyscus difficilis",5.3625
"1734","Peromyscus eremicus",7.4
"1735","Peromyscus eva",7.4
"1736","Peromyscus fraterculus",7.4
"1737","Peromyscus gossypinus",5.533333333
"1738","Peromyscus gratus",5.3625
"1739","Peromyscus guardia",7.4
"1740","Peromyscus guatemalensis",5.679166667
"1741","Peromyscus hylocetes",1.5
"1742","Peromyscus interparietalis",7.4
"1743","Peromyscus keeni",7.95
"1744","Peromyscus leucopus",7.9
"1745","Peromyscus levipes",1.5
"1746","Peromyscus madrensis",1.5
"1747","Peromyscus maniculatus",7.95
"1748","Peromyscus melanotis",7.95
"1749","Peromyscus merriami",7.4
"1750","Peromyscus nasutus",5.3625
"1751","Peromyscus pectoralis",5.3625
"1752","Peromyscus pembertoni",7.4
"1753","Peromyscus polionotus",5.495833333
"1754","Peromyscus polius",1.5
"1755","Peromyscus pseudocrinitus",7.4
"1756","Peromyscus sagax",1.5
"1757","Peromyscus sejugis",7.95
"1758","Peromyscus simulus",1.5
"1759","Peromyscus slevini",7.95
"1760","Peromyscus spicilegus",1.5
"1761","Peromyscus stephani",1.5
"1762","Peromyscus truei",5.3625
"1763","Peromyscus winkelmanni",1.5
"1764","Phenacomys intermedius",2.083333333
"1765","Phenacomys ungava",4
"1766","Phodopus campbelli",3.183333333
"1767","Phodopus roborovskii",4.770833333
"1768","Phodopus sungorus",3.2
"1769","Phyllotis amicus",2.908333333
"1770","Phyllotis bonariensis",3.991666667
"1771","Phyllotis caprinus",3.991666667
"1772","Phyllotis darwini",3.991666667
"1773","Phyllotis definitus",3.991666667
"1774","Phyllotis limatus",3.991666667
"1775","Phyllotis magister",3.991666667
"1776","Phyllotis osgoodi",3.991666667
"1777","Phyllotis wolffsohni",3.991666667
"1778","Phyllotis xanthopygus",3.991666667
"1779","Podomys floridanus",7.4
"1780","Reithrodon auritus",5.5
"1781","Reithrodon typicus",5.5
"1782","Reithrodontomys fulvescens",1.75
"1783","Reithrodontomys humulis",2.245416667
"1784","Reithrodontomys megalotis",2.5375
"1785","Reithrodontomys raviventris",2.583333333
"1786","Reithrodontomys zacatecae",2.5375
"1787","Rhipidomys nitela",4.575
"1788","Scolomys melanops",1.25
"1789","Scotinomys teguina",3.658333333
"1790","Sigmodon alleni",5.2
"1791","Sigmodon alstoni",0.583333333
"1792","Sigmodon arizonae",5.183333333
"1793","Sigmodon hirsutus",5.2
"1794","Sigmodon hispidus",5.2
"1795","Sigmodon mascotensis",5.2
"1796","Sigmodon ochrognathus",5.2
"1797","Sigmodon peruanus",5.2
"1798","Sigmodon planifrons",5.2
"1799","Sigmodon toltecus",5.2
"1800","Synaptomys cooperi",2.5
"1801","Tscherskia triton",4.575
"1802","Tylomys nudicaudus",5.4
"1803","Tylomys tumbalensis",5.4
"1804","Wiedomys pyrrhorhinos",3.825
"1805","Zygodontomys brevicauda",0.416666667
"1806","Zygodontomys brunneus",0.416666667
"1807","Ctenodactylus gundi",5.770833333
"1808","Ctenodactylus vali",5.370833333
"1809","Pectinator spekei",10
"1810","Ctenomys azarae",2.166666667
"1811","Ctenomys bergi",2.166666667
"1812","Ctenomys coludo",0.25
"1813","Ctenomys conoveri",2
"1814","Ctenomys famosus",0.25
"1815","Ctenomys fochi",2.166666667
"1816","Ctenomys fodax",2.620833333
"1817","Ctenomys fulvus",0.25
"1818","Ctenomys haigi",2.166666667
"1819","Ctenomys johannis",0.25
"1820","Ctenomys juris",2.166666667
"1821","Ctenomys latro",2.166666667
"1822","Ctenomys magellanicus",2.241666667
"1823","Ctenomys maulinus",2.166666667
"1824","Ctenomys mendocinus",2.166666667
"1825","Ctenomys occultus",2.166666667
"1826","Ctenomys pundti",2.166666667
"1827","Ctenomys talarum",3
"1828","Ctenomys tucumanus",2.166666667
"1829","Ctenomys tulduco",0.25
"1830","Cuniculus paca",16
"1831","Cuniculus taczanowskii",16.55
"1832","Dasyprocta azarae",11.7625
"1833","Dasyprocta coibae",13.725
"1834","Dasyprocta cristata",13.9875
"1835","Dasyprocta fuliginosa",18.19166667
"1836","Dasyprocta leporina",17.8
"1837","Dasyprocta mexicana",13.07916667
"1838","Dasyprocta prymnolopha",16.25833333
"1839","Dasyprocta punctata",13.725
"1840","Dasyprocta ruatanica",13.7
"1841","Myoprocta acouchy",10.075
"1842","Myoprocta pratti",10.075
"1843","Dinomys branickii",11.0625
"1844","Allactaga balikunica",0.083333333
"1845","Allactaga bullata",0.083333333
"1846","Allactaga elater",5.179166667
"1847","Allactaga euphratica",4.2
"1848","Allactaga hotsoni",2.408333333
"1849","Allactaga major",7.283333333
"1850","Allactaga severtzovi",3.325
"1851","Allactaga sibirica",4.495833333
"1852","Allactaga tetradactyla",2.575
"1853","Allactaga vinogradovi",5.179166667
"1854","Allactaga williamsi",4.2
"1855","Dipus sagitta",0.833333333
"1856","Euchoreutes naso",0.5
"1857","Jaculus blanfordi",3.241666667
"1858","Jaculus jaculus",6.741666667
"1859","Jaculus orientalis",5.495833333
"1860","Napaeozapus insignis",4
"1861","Pygeretmus pumilio",0.25
"1862","Salpingotulus michaelis",1.25
"1863","Sicista betulina",3.5
"1864","Sicista severtzovi",3.908333333
"1865","Sicista strandi",3.5
"1866","Sicista subtilis",3.908333333
"1867","Zapus hudsonius",5
"1868","Zapus princeps",5
"1869","Zapus trinotatus",5
"1870","Echimys chrysurus",1.5
"1871","Euryzygomatomys spinosus",0.583333333
"1872","Hoplomys gymnurus",7.116666667
"1873","Kannabateomys amblyonyx",1.6
"1874","Makalata didelphoides",3.091666667
"1875","Makalata occasius",3.083333333
"1876","Phyllomys dasythrix",2.325
"1877","Proechimys brevicauda",6.733333333
"1878","Proechimys chrysaeolus",3.5
"1879","Proechimys decumanus",3.5
"1880","Proechimys goeldii",3.5
"1881","Proechimys guairae",5.25
"1882","Proechimys guyannensis",3.5
"1883","Proechimys hoplomyoides",3.5
"1884","Proechimys longicaudatus",3.5
"1885","Proechimys magdalenae",3.5
"1886","Proechimys mincae",3.5
"1887","Proechimys oconnelli",4.8
"1888","Proechimys pattoni",3.5
"1889","Proechimys poliopus",3.5
"1890","Proechimys quadruplicatus",3.5
"1891","Proechimys roberti",3.5
"1892","Proechimys semispinosus",4.8
"1893","Proechimys simonsi",3.5
"1894","Proechimys steerei",3.5
"1895","Proechimys trinitatus",3.5
"1896","Proechimys urichi",3.5
"1897","Thrichomys apereoides",6.991666667
"1898","Thrichomys inermis",6.991666667
"1899","Thrichomys pachyurus",6.991666667
"1900","Coendou bicolor",9.15
"1901","Coendou prehensilis",17.31666667
"1902","Coendou rothschildi",8.941666667
"1903","Echinoprocta rufescens",1.25
"1904","Erethizon dorsata",18
"1905","Sphiggurus insidiosus",1.416666667
"1906","Sphiggurus melanurus",1.416666667
"1907","Sphiggurus mexicanus",16.66666667
"1908","Sphiggurus spinosus",3.658333333
"1909","Sphiggurus villosus",6.945833333
"1910","Cratogeomys castanops",3.65
"1911","Cratogeomys goldmani",3.65
"1912","Geomys arenarius",7.2
"1913","Geomys attwateri",7.2
"1914","Geomys breviceps",7.2
"1915","Geomys bursarius",7.2
"1916","Geomys knoxjonesi",7.2
"1917","Geomys personatus",2
"1918","Geomys pinetis",0.083333333
"1919","Geomys texensis",7.2
"1920","Geomys tropicalis",4.5
"1921","Thomomys bottae",6.075
"1922","Thomomys bulbivorus",3.75
"1923","Thomomys clusius",3.75
"1924","Thomomys idahoensis",3.75
"1925","Thomomys mazama",5
"1926","Thomomys monticola",5
"1927","Thomomys talpoides",3.75
"1928","Thomomys townsendii",6.075
"1929","Dryomys nitedula",4
"1930","Eliomys melanurus",5.5
"1931","Eliomys munbyanus",5.5
"1932","Eliomys quercinus",5.5
"1933","Glirulus japonicus",6.983333333
"1934","Glis glis",8.7
"1935","Graphiurus angolensis",7.266666667
"1936","Graphiurus crassicaudatus",1.083333333
"1937","Graphiurus johnstoni",5.8
"1938","Graphiurus kelleni",1.666666667
"1939","Graphiurus lorraineus",0.666666667
"1940","Graphiurus microtis",5.8
"1941","Graphiurus monardi",1.083333333
"1942","Graphiurus murinus",5.8
"1943","Graphiurus nagtglasii",1.083333333
"1944","Graphiurus ocularis",3.908333333
"1945","Graphiurus platyops",7.266666667
"1946","Graphiurus rupicola",7.266666667
"1947","Muscardinus avellanarius",6
"1948","Myomimus personatus",5.8
"1949","Chaetodipus baileyi",3.991666667
"1950","Chaetodipus californicus",1.833333333
"1951","Chaetodipus eremicus",4.408333333
"1952","Chaetodipus fallax",8.3
"1953","Chaetodipus formosus",5.0375
"1954","Chaetodipus hispidus",3.991666667
"1955","Chaetodipus intermedius",6.65
"1956","Chaetodipus nelsoni",2.583333333
"1957","Chaetodipus penicillatus",4.408333333
"1958","Chaetodipus rudinoris",3.991666667
"1959","Chaetodipus spinatus",1.25
"1960","Dipodomys agilis",1.416666667
"1961","Dipodomys californicus",8.233333333
"1962","Dipodomys compactus",9.816666667
"1963","Dipodomys deserti",8.6
"1964","Dipodomys heermanni",8.233333333
"1965","Dipodomys ingens",5.491666667
"1966","Dipodomys merriami",9.65
"1967","Dipodomys microps",3.658333333
"1968","Dipodomys nitratoides",8.316666667
"1969","Dipodomys ordii",9.816666667
"1970","Dipodomys panamintinus",4.533333333
"1971","Dipodomys phillipsii",6.733333333
"1972","Dipodomys spectabilis",12.64166667
"1973","Dipodomys stephensi",2.083333333
"1974","Heteromys anomalus",0.25
"1975","Heteromys desmarestianus",0.833333333
"1976","Liomys adspersus",1.5
"1977","Microdipodops megacephalus",5.4
"1978","Microdipodops pallidus",0.75
"1979","Perognathus amplus",5.904166667
"1980","Perognathus flavescens",3.083333333
"1981","Perognathus flavus",5
"1982","Perognathus inornatus",8.3
"1983","Perognathus longimembris",8.3
"1984","Perognathus merriami",2.5
"1985","Perognathus parvus",5.770833333
"1986","Atherurus africanus",22.9
"1987","Atherurus macrourus",13.55833333
"1988","Hystrix africaeaustralis",23.04166667
"1989","Hystrix brachyura",27.3
"1990","Hystrix crassispinis",1.416666667
"1991","Hystrix cristata",28
"1992","Hystrix indica",27.1
"1993","Hystrix javanica",27.275
"1994","Hystrix pumila",9.5
"1995","Hystrix sumatrae",13.225
"1996","Trichys fasciculata",10.1
"1997","Acomys airensis",5.45
"1998","Acomys cahirinus",5.45
"1999","Acomys chudeaui",5.45
"2000","Acomys cilicicus",3.995833333
"2001","Acomys cineraceus",5
"2002","Acomys dimidiatus",5.45
"2003","Acomys ignitus",5.45
"2004","Acomys johannis",5
"2005","Acomys kempi",5.45
"2006","Acomys minous",5
"2007","Acomys mullah",5.45
"2008","Acomys nesiotes",5.45
"2009","Acomys russatus",4.4125
"2010","Acomys seurati",5.45
"2011","Acomys wilsoni",5.5875
"2012","Aethomys chrysophilus",0.75
"2013","Aethomys hindei",1.745833333
"2014","Aethomys ineptus",0.75
"2015","Aethomys kaiseri",1.745833333
"2016","Aethomys thomasi",1.745833333
"2017","Apodemus agrarius",4
"2018","Apodemus alpicola",4.245833333
"2019","Apodemus argenteus",4.695833333
"2020","Apodemus chevrieri",4
"2021","Apodemus draco",4.4
"2022","Apodemus flavicollis",4.245833333
"2023","Apodemus gurkha",4.245833333
"2024","Apodemus latronum",4.491666667
"2025","Apodemus pallipes",4.4
"2026","Apodemus peninsulae",4.4
"2027","Apodemus ponticus",4.245833333
"2028","Apodemus rusiges",4.4
"2029","Apodemus semotus",4.4
"2030","Apodemus speciosus",5.3
"2031","Apodemus sylvaticus",4.4
"2032","Apodemus uralensis",4.4
"2033","Arvicanthis abyssinicus",2.325
"2034","Arvicanthis ansorgei",6.675
"2035","Arvicanthis blicki",2.325
"2036","Arvicanthis nairobae",2.741666667
"2037","Arvicanthis neumanni",2.325
"2038","Arvicanthis niloticus",6.675
"2039","Arvicanthis rufinus",6.65
"2040","Bandicota indica",4.2
"2041","Berylmys bowersi",2.9
"2042","Chiropodomys gliroides",3.583333333
"2043","Chiropodomys pusillus",3.583333333
"2044","Colomys goslingi",3
"2045","Conilurus penicillatus",4.5
"2046","Crateromys heaneyi",8.808333333
"2047","Crateromys schadenbergi",4.241666667
"2048","Dasymys alleni",1
"2049","Dasymys foxi",1
"2050","Dasymys incomtus",1
"2051","Dasymys montanus",1
"2052","Dasymys nudipes",1
"2053","Dasymys rufulus",1
"2054","Desmodillus auricularis",6.0875
"2055","Dipodillus campestris",7.308333333
"2056","Dipodillus dasyurus",1.75
"2057","Dipodillus harwoodi",2.408333333
"2058","Dipodillus simoni",1.875
"2059","Dipodillus somalicus",7.308333333
"2060","Dipodillus stigmonyx",7.308333333
"2061","Dipodillus zakariai",2
"2062","Gerbilliscus afra",5.679166667
"2063","Gerbilliscus brantsii",0.75
"2064","Gerbilliscus kempi",4.991666667
"2065","Gerbilliscus leucogaster",2.908333333
"2066","Gerbilliscus validus",4.995833333
"2067","Gerbillurus paeba",3.241666667
"2068","Gerbillus acticola",2.908333333
"2069","Gerbillus agag",5.904166667
"2070","Gerbillus amoenus",3.616666667
"2071","Gerbillus andersoni",5.904166667
"2072","Gerbillus aquilus",2.658333333
"2073","Gerbillus cheesmani",2.658333333
"2074","Gerbillus floweri",8.183333333
"2075","Gerbillus garamantis",4.491666667
"2076","Gerbillus gerbillus",5.904166667
"2077","Gerbillus grobbeni",4.491666667
"2078","Gerbillus hesperinus",8.183333333
"2079","Gerbillus latastei",5.904166667
"2080","Gerbillus nanus",4.491666667
"2081","Gerbillus nigeriae",5.904166667
"2082","Gerbillus perpallidus",5.491666667
"2083","Gerbillus pusillus",0.5
"2084","Gerbillus pyramidum",8.183333333
"2085","Gerbillus tarabuli",8.166666667
"2086","Gerbillus vivax",3.120833333
"2087","Golunda ellioti",2.408333333
"2088","Grammomys buntingi",4.4
"2089","Grammomys cometes",4.4
"2090","Grammomys dolichurus",4.4
"2091","Hydromys chrysogaster",7.233333333
"2092","Hyomys goliath",0.416666667
"2093","Leggadina forresti",0.25
"2094","Lemniscomys barbarus",4.3625
"2095","Lemniscomys striatus",2.5
"2096","Lemniscomys zebra",4.3625
"2097","Lenothrix canus",3.8
"2098","Leopoldamys ciliatus",0.583333333
"2099","Leopoldamys edwardsi",0.583333333
"2100","Leopoldamys milleti",0.583333333
"2101","Leopoldamys sabanus",1.208333333
"2102","Leporillus conditor",5.3125
"2103","Lophuromys ansorgei",3.075
"2104","Lophuromys aquilus",0.75
"2105","Lophuromys brevicaudus",0.75
"2106","Lophuromys brunneus",0.75
"2107","Lophuromys chrysopus",0.75
"2108","Lophuromys eisentrauti",3.075
"2109","Lophuromys flavopunctatus",0.75
"2110","Lophuromys nudicaudus",3.075
"2111","Lophuromys sikapusi",3.075
"2112","Lophuromys zena",0.75
"2113","Malacomys edwardsi",1.833333333
"2114","Mastomys coucha",2.908333333
"2115","Mastomys erythroleucus",3.491666667
"2116","Mastomys huberti",2.908333333
"2117","Mastomys natalensis",2.741666667
"2118","Maxomys rajah",0.833333333
"2119","Maxomys whiteheadi",1.5
"2120","Melomys obiensis",4.2
"2121","Meriones crassus",5.6
"2122","Meriones grandis",4.658333333
"2123","Meriones hurrianae",0.833333333
"2124","Meriones libycus",5.179166667
"2125","Meriones meridianus",6.479166667
"2126","Meriones persicus",5.995833333
"2127","Meriones sacramenti",5.591666667
"2128","Meriones shawi",4.658333333
"2129","Meriones tamariscinus",4.075
"2130","Meriones tristrami",3.616666667
"2131","Meriones unguiculatus",2
"2132","Meriones vinogradovi",6.65
"2133","Meriones zarudnyi",5.6
"2134","Mesembriomys gouldii",3.916666667
"2135","Mesembriomys macrurus",7.083333333
"2136","Micaelamys namaquensis",4.679166667
"2137","Micromys minutus",4.5
"2138","Millardia gleadowi",4
"2139","Mus caroli",4
"2140","Mus cervicolor",3.158333333
"2141","Mus indutus",3.1
"2142","Mus macedonicus",5
"2143","Mus mahomet",2.575
"2144","Mus minutoides",3.1
"2145","Mus musculoides",3.1
"2146","Mus musculus",5
"2147","Mus neavei",3.1
"2148","Mus orangiae",3.1
"2149","Mus phillipsi",3.158333333
"2150","Mus platythrix",1.916666667
"2151","Mus shortridgei",1.916666667
"2152","Mus sorella",0.083333333
"2153","Mus spicilegus",4
"2154","Mus spretus",4
"2155","Mus triton",0.083333333
"2156","Mus vulcani",3.908333333
"2157","Myotomys unisulcatus",0.833333333
"2158","Nesokia indica",1.666666667
"2159","Nilopegamys plumbeus",3
"2160","Niviventer cameroni",2.658333333
"2161","Niviventer cremoriventer",0.833333333
"2162","Niviventer fraternus",2.658333333
"2163","Niviventer fulvescens",2.658333333
"2164","Niviventer langbianis",0.833333333
"2165","Niviventer tenaster",0.833333333
"2166","Notomys alexis",5.2
"2167","Notomys aquilo",4.241666667
"2168","Notomys cervinus",0.416666667
"2169","Notomys fuscus",2.908333333
"2170","Notomys mitchellii",5.229166667
"2171","Oenomys hypoxanthus",2.325
"2172","Oenomys ornatus",2.325
"2173","Otomys anchietae",1.833333333
"2174","Otomys angoniensis",1.041666667
"2175","Otomys barbouri",1.833333333
"2176","Otomys burtoni",1.041666667
"2177","Otomys cuanzensis",1.041666667
"2178","Otomys dollmani",1.833333333
"2179","Otomys irroratus",1.833333333
"2180","Otomys lacustris",1.833333333
"2181","Otomys laminatus",1.833333333
"2182","Otomys maximus",1.041666667
"2183","Otomys orestes",1.833333333
"2184","Otomys saundersiae",1.041666667
"2185","Otomys tropicalis",1.833333333
"2186","Pachyuromys duprasi",4.408333333
"2187","Parotomys brantsii",0.5
"2188","Phloeomys cumingi",13.57916667
"2189","Phloeomys pallidus",10.675
"2190","Pithecheir parvus",1
"2191","Pogonomelomys bruijni",0.75
"2192","Pogonomys macrourus",2.416666667
"2193","Praomys delectorum",5.183333333
"2194","Praomys jacksoni",5.183333333
"2195","Praomys lukolelae",5.2
"2196","Praomys minor",5.183333333
"2197","Praomys rostratus",5.2
"2198","Praomys tullbergi",5.2
"2199","Psammomys obesus",3.1375
"2200","Psammomys vexillaris",3.1375
"2201","Pseudomys albocinereus",2.658333333
"2202","Pseudomys australis",5.6
"2203","Pseudomys bolami",0.916666667
"2204","Pseudomys calabyi",6.858333333
"2205","Pseudomys chapmani",6.725
"2206","Pseudomys delicatulus",4.158333333
"2207","Pseudomys desertor",1
"2208","Pseudomys fieldi",3.075
"2209","Pseudomys fumeus",6.495833333
"2210","Pseudomys hermannsburgensis",0.916666667
"2211","Pseudomys higginsi",4
"2212","Pseudomys laborifex",6.9
"2213","Pseudomys novaehollandiae",3.991666667
"2214","Pseudomys occidentalis",4.825
"2215","Pseudomys oralis",5.6
"2216","Pseudomys pilligaensis",1.5
"2217","Pseudomys shortridgei",5.995833333
"2218","Rattus andamanensis",4.2
"2219","Rattus argentiventer",4.2
"2220","Rattus blangorum",4.2
"2221","Rattus colletti",1.5
"2222","Rattus exulans",3.908333333
"2223","Rattus fuscipes",3.416666667
"2224","Rattus lugens",4.2
"2225","Rattus lutreolus",3.408333333
"2226","Rattus norvegicus",5
"2227","Rattus rattus",4.2
"2228","Rattus satarae",4.2
"2229","Rattus simalurensis",4.2
"2230","Rattus stoicus",1
"2231","Rattus tanezumi",4.2
"2232","Rattus tiomanicus",4.2
"2233","Rattus tunneyi",1
"2234","Rhabdomys dilectus",2.916666667
"2235","Rhabdomys pumilio",2.916666667
"2236","Rhombomys opimus",4
"2237","Sekeetamys calurus",5.408333333
"2238","Sundamys infraluteus",0.583333333
"2239","Sundamys muelleri",2
"2240","Tatera indica",7
"2241","Taterillus congicus",1.166666667
"2242","Taterillus emini",1.166666667
"2243","Taterillus gracilis",3.491666667
"2244","Taterillus lacustris",1.166666667
"2245","Taterillus pygargus",8.183333333
"2246","Thallomys loringi",0.833333333
"2247","Thallomys nigricauda",0.833333333
"2248","Thallomys paedulcus",3.5
"2249","Thallomys shortridgei",0.833333333
"2250","Thamnomys kempi",5.741666667
"2251","Thamnomys major",5.741666667
"2252","Thamnomys venustus",5.741666667
"2253","Vandeleuria nilagirica",2.991666667
"2254","Vandeleuria nolthenii",0.25
"2255","Vandeleuria oleracea",2.991666667
"2256","Xeromys myoides",2.408333333
"2257","Zelotomys hildegardeae",0.583333333
"2258","Zelotomys woosnami",3.575
"2259","Zyzomys argurus",4.158333333
"2260","Zyzomys palatilis",6.179166667
"2261","Zyzomys pedunculatus",6.9125
"2262","Myocastor coypus",8.483333333
"2263","Beamys hindei",3.158333333
"2264","Cricetomys ansorgei",7.858333333
"2265","Cricetomys emini",7.858333333
"2266","Cricetomys gambianus",8.358333333
"2267","Delanymys brooksi",2
"2268","Dendromus insignis",3.3
"2269","Dendromus leucostomus",4.179166667
"2270","Dendromus melanotis",4.179166667
"2271","Dendromus mesomelas",3.3
"2272","Dendromus nyasae",3.3
"2273","Dendromus nyikae",1.083333333
"2274","Dendromus vernayi",3.3
"2275","Hypogeomys antimena",12.57916667
"2276","Malacothrix typica",2.491666667
"2277","Mystromys albicaudatus",6
"2278","Nesomys audeberti",1.166666667
"2279","Nesomys lambertoni",1.166666667
"2280","Nesomys rufus",1.166666667
"2281","Saccostomus campestris",2.8
"2282","Saccostomus mearnsi",1.166666667
"2283","Steatomys bocagei",3.741666667
"2284","Steatomys caurinus",3.741666667
"2285","Steatomys opimus",3.741666667
"2286","Steatomys pratensis",3.741666667
"2287","Octodon degus",7.1
"2288","Octodon lunatus",2.575
"2289","Octodontomys gliroides",7.333333333
"2290","Spalacopus cyanus",6
"2291","Pedetes capensis",14.5
"2292","Pedetes surdaster",14.5
"2293","Petromus typicus",7.066666667
"2294","Platacanthomys lasiurus",1.7
"2295","Ammospermophilus harrisii",10.58333333
"2296","Ammospermophilus interpres",1.666666667
"2297","Ammospermophilus leucurus",5.833333333
"2298","Ammospermophilus nelsoni",5.5
"2299","Atlantoxerus getulus",8.283333333
"2300","Callosciurus adamsi",12.64583333
"2301","Callosciurus caniceps",7.745833333
"2302","Callosciurus erythraeus",16.53333333
"2303","Callosciurus finlaysonii",12.80416667
"2304","Callosciurus inornatus",4.741666667
"2305","Callosciurus nigrovittatus",7.15
"2306","Callosciurus notatus",14.725
"2307","Callosciurus orestes",7.15
"2308","Callosciurus prevostii",21.07083333
"2309","Callosciurus pygerythrus",4.741666667
"2310","Cynomys gunnisoni",6.075
"2311","Cynomys leucurus",6.408333333
"2312","Cynomys ludovicianus",15
"2313","Cynomys parvidens",6.116666667
"2314","Dremomys gularis",5.491666667
"2315","Dremomys lokriah",7.091666667
"2316","Dremomys pyrrhomerus",5.491666667
"2317","Dremomys rufigenis",5.491666667
"2318","Eoglaucomys fimbriatus",4.991666667
"2319","Funambulus palmarum",5.491666667
"2320","Funambulus pennantii",5.075
"2321","Funambulus tristriatus",0.25
"2322","Funisciurus anerythrus",10.45
"2323","Funisciurus congicus",9.5
"2324","Funisciurus leucogenys",3.158333333
"2325","Funisciurus pyrropus",9.491666667
"2326","Funisciurus substriatus",6.816666667
"2327","Glaucomys sabrinus",13
"2328","Glaucomys volans",14.16666667
"2329","Heliosciurus gambianus",3.658333333
"2330","Heliosciurus mutabilis",8.7
"2331","Heliosciurus punctatus",2.6625
"2332","Heliosciurus rufobrachium",8.7
"2333","Heliosciurus undulatus",8.7
"2334","Hylopetes phayrei",7.816666667
"2335","Lariscus insignis",2.908333333
"2336","Lariscus niobe",2.908333333
"2337","Lariscus obscurus",2.908333333
"2338","Marmota baibacina",15
"2339","Marmota bobak",15
"2340","Marmota broweri",12.05833333
"2341","Marmota caligata",12.05833333
"2342","Marmota camtschatica",17.38333333
"2343","Marmota caudata",0.583333333
"2344","Marmota flaviventris",21.125
"2345","Marmota himalayana",15
"2346","Marmota marmota",17.39166667
"2347","Marmota menzbieri",17.38333333
"2348","Marmota monax",11.27916667
"2349","Marmota sibirica",15
"2350","Marmota vancouverensis",12.07916667
"2351","Menetes berdmorei",4.3
"2352","Paraxerus boehmi",0.416666667
"2353","Paraxerus cepapi",9.566666667
"2354","Paraxerus ochraceus",3.241666667
"2355","Paraxerus palliatus",2.575
"2356","Paraxerus poensis",7.233333333
"2357","Petaurista alborufus",21.4
"2358","Petaurista leucogenys",19.16666667
"2359","Petaurista magnificus",10.65
"2360","Petaurista nobilis",10.65
"2361","Petaurista petaurista",16
"2362","Petaurista philippensis",16
"2363","Petaurista xanthotis",19.16666667
"2364","Petinomys fuscocapillus",1.25
"2365","Petinomys hageni",4.575
"2366","Petinomys lugens",4.575
"2367","Petinomys sagitta",5.741666667
"2368","Prosciurillus leucomus",3.991666667
"2369","Prosciurillus rosenbergii",3.991666667
"2370","Prosciurillus weberi",3.991666667
"2371","Protoxerus stangeri",5.1
"2372","Pteromys momonga",7.483333333
"2373","Pteromys volans",7.595833333
"2374","Ratufa affinis",9.65
"2375","Ratufa bicolor",19
"2376","Ratufa indica",20
"2377","Ratufa macroura",9.816666667
"2378","Sciurillus pusillus",2
"2379","Sciurotamias davidianus",6.408333333
"2380","Sciurus aberti",6.983333333
"2381","Sciurus aestuans",8.066666667
"2382","Sciurus anomalus",5.741666667
"2383","Sciurus arizonensis",11.27916667
"2384","Sciurus aureogaster",11.27916667
"2385","Sciurus carolinensis",23.58333333
"2386","Sciurus colliaei",4.908333333
"2387","Sciurus deppei",7.65
"2388","Sciurus gilvigularis",8.066666667
"2389","Sciurus granatensis",11.475
"2390","Sciurus griseus",8.120833333
"2391","Sciurus ignitus",8.9
"2392","Sciurus lis",12
"2393","Sciurus niger",14.90416667
"2394","Sciurus oculatus",8.066666667
"2395","Sciurus pucheranii",7.316666667
"2396","Sciurus spadiceus",8.816666667
"2397","Sciurus stramineus",7.316666667
"2398","Sciurus variegatoides",15.07916667
"2399","Sciurus vulgaris",12
"2400","Spermophilus alashanicus",2.083333333
"2401","Spermophilus armatus",5
"2402","Spermophilus beecheyi",5.204166667
"2403","Spermophilus beldingi",11
"2404","Spermophilus brevicauda",6.7
"2405","Spermophilus citellus",6.675
"2406","Spermophilus columbianus",4.241666667
"2407","Spermophilus dauricus",2.083333333
"2408","Spermophilus elegans",3.991666667
"2409","Spermophilus erythrogenys",6.675
"2410","Spermophilus franklinii",7.175
"2411","Spermophilus lateralis",10.31666667
"2412","Spermophilus madrensis",10.31666667
"2413","Spermophilus major",1.083333333
"2414","Spermophilus mexicanus",4.241666667
"2415","Spermophilus mohavensis",7.766666667
"2416","Spermophilus mollis",1.9125
"2417","Spermophilus musicus",7.083333333
"2418","Spermophilus pallidicauda",6.675
"2419","Spermophilus parryii",2.575
"2420","Spermophilus pygmaeus",7.083333333
"2421","Spermophilus ralli",6.883333333
"2422","Spermophilus relictus",6.675
"2423","Spermophilus richardsonii",4.995833333
"2424","Spermophilus saturatus",7
"2425","Spermophilus spilosoma",3.658333333
"2426","Spermophilus suslicus",2.325
"2427","Spermophilus tereticaudus",8.9
"2428","Spermophilus townsendii",3.491666667
"2429","Spermophilus tridecemlineatus",7.9
"2430","Spermophilus undulatus",3.575
"2431","Spermophilus variegatus",9.808333333
"2432","Spermophilus washingtoni",4.658333333
"2433","Spermophilus xanthoprymnus",6.65
"2434","Sundasciurus brookei",3.908333333
"2435","Sundasciurus fraterculus",11.07916667
"2436","Sundasciurus hippurus",14.3625
"2437","Sundasciurus lowii",11.07916667
"2438","Sundasciurus tenuis",9.991666667
"2439","Tamias amoenus",5.166666667
"2440","Tamias dorsalis",12.57916667
"2441","Tamias merriami",2.825
"2442","Tamias minimus",8.166666667
"2443","Tamias obscurus",2.825
"2444","Tamias ochrogenys",9.266666667
"2445","Tamias quadrivittatus",6.075
"2446","Tamias ruficaudus",8
"2447","Tamias rufus",6.075
"2448","Tamias senex",9.233333333
"2449","Tamias sibiricus",8.666666667
"2450","Tamias siskiyou",9.266666667
"2451","Tamias speciosus",6.075
"2452","Tamias striatus",8.741666667
"2453","Tamias townsendii",9.266666667
"2454","Tamias umbrinus",7.316666667
"2455","Tamiasciurus douglasii",5.491666667
"2456","Tamiasciurus hudsonicus",9.816666667
"2457","Tamiasciurus mearnsi",5.491666667
"2458","Trogopterus xanthipes",12
"2459","Xerus erythropus",6
"2460","Xerus inauris",11.475
"2461","Xerus rutilus",7.9
"2462","Cannomys badius",4
"2463","Rhizomys sumatrensis",3.491666667
"2464","Spalax arenarius",2
"2465","Spalax carmeli",15
"2466","Spalax ehrenbergi",15
"2467","Spalax graecus",2
"2468","Spalax leucodon",4.5
"2469","Spalax microphthalmus",2
"2470","Spalax zemni",2
"2471","Tachyoryctes ibeanus",3.4125
"2472","Tachyoryctes splendens",3.4125
"2473","Thryonomys gregorianus",0.833333333
"2474","Thryonomys swinderianus",4.316666667
"2475","Ptilocercus lowii",2.7
"2476","Dendrogale murina",10
"2477","Tupaia belangeri",12
"2478","Tupaia chrysogaster",12.4
"2479","Tupaia glis",12.4
"2480","Tupaia gracilis",3.491666667
"2481","Tupaia longipes",12.4
"2482","Tupaia minor",12.17083333
"2483","Tupaia montana",1.583333333
"2484","Tupaia tana",11.6
"2485","Urogale everetti",11.5
"2486","Dugong dugon",70
"2487","Trichechus inunguis",30
"2488","Trichechus manatus",30
"2489","Trichechus senegalensis",22.65416667
"2490","Solenodon cubanus",6.25
"2491","Solenodon paradoxus",11.33333333
"2492","Blarina brevicauda",2.370833333
"2493","Blarina carolinensis",2.370833333
"2494","Blarina hylophaga",2.370833333
"2495","Blarina peninsulae",2.370833333
"2496","Crocidura aleksandrisi",2.7
"2497","Crocidura arabica",3.2
"2498","Crocidura attila",0.416666667
"2499","Crocidura baileyi",0.416666667
"2500","Crocidura caspica",2.95
"2501","Crocidura dsinezumi",3.2
"2502","Crocidura flavescens",2.2
"2503","Crocidura fuscomurina",0.25
"2504","Crocidura hirta",0.333333333
"2505","Crocidura ichnusae",3.2
"2506","Crocidura leucodon",3
"2507","Crocidura luna",0.083333333
"2508","Crocidura macmillani",0.083333333
"2509","Crocidura mariquensis",0.083333333
"2510","Crocidura mutesae",0.333333333
"2511","Crocidura nigeriae",0.416666667
"2512","Crocidura nigricans",0.083333333
"2513","Crocidura olivieri",1.683333333
"2514","Crocidura orii",3.2
"2515","Crocidura poensis",0.416666667
"2516","Crocidura pullata",3.2
"2517","Crocidura rapax",3.2
"2518","Crocidura religiosa",1.25
"2519","Crocidura russula",3.2
"2520","Crocidura shantungensis",2.7
"2521","Crocidura sibirica",3
"2522","Crocidura sicula",3
"2523","Crocidura silacea",3.2
"2524","Crocidura suaveolens",2.7
"2525","Crocidura tarella",0.083333333
"2526","Crocidura turba",0.083333333
"2527","Crocidura vorax",3.2
"2528","Crocidura zaphiri",1.683333333
"2529","Crocidura zimmermanni",3.2
"2530","Cryptotis orophila",2.166666667
"2531","Cryptotis parva",2.166666667
"2532","Cryptotis tropicalis",2.166666667
"2533","Myosorex cafer",1.166666667
"2534","Myosorex varius",1.166666667
"2535","Neomys anomalus",2
"2536","Neomys fodiens",3.0375
"2537","Neomys teres",3
"2538","Notiosorex crawfordi",1.25
"2539","Notiosorex evotis",1.25
"2540","Sorex alaskanus",1.5
"2541","Sorex alpinus",1.3
"2542","Sorex antinorii",2
"2543","Sorex araneus",2
"2544","Sorex arcticus",1.5
"2545","Sorex caecutiens",2
"2546","Sorex camtschatica",1.625
"2547","Sorex cansulus",2
"2548","Sorex cinereus",1.625
"2549","Sorex coronatus",1.666666667
"2550","Sorex excelsus",2
"2551","Sorex fumeus",1.270833333
"2552","Sorex gracillimus",2
"2553","Sorex granarius",2
"2554","Sorex haydeni",1.625
"2555","Sorex hoyi",0.583333333
"2556","Sorex jacksoni",1.625
"2557","Sorex leucogaster",1.833333333
"2558","Sorex longirostris",1.166666667
"2559","Sorex maritimensis",1.5
"2560","Sorex minutus",2
"2561","Sorex monticolus",1.5
"2562","Sorex neomexicanus",1.5
"2563","Sorex orizabae",1.5
"2564","Sorex ornatus",1.458333333
"2565","Sorex pacificus",1.5
"2566","Sorex palustris",1.5
"2567","Sorex planiceps",2
"2568","Sorex portenkoi",1.625
"2569","Sorex roboratus",2
"2570","Sorex samniticus",2
"2571","Sorex satunini",2
"2572","Sorex shinto",2
"2573","Sorex sinalis",2
"2574","Sorex sonomae",1.5
"2575","Sorex thibetanus",2
"2576","Sorex trowbridgii",1.5
"2577","Sorex tundrensis",1.5
"2578","Sorex ugyunak",1.625
"2579","Sorex unguiculatus",1.5
"2580","Sorex vagrans",1.5
"2581","Sorex volnuchini",2
"2582","Suncus etruscus",2.7
"2583","Suncus fellowesgordoni",2.7
"2584","Suncus hosei",2.7
"2585","Suncus madagascariensis",2.7
"2586","Suncus malayanus",2.7
"2587","Suncus montanus",2.5
"2588","Suncus murinus",2.5
"2589","Suncus zeylanicus",2.5
"2590","Condylura cristata",2.5
"2591","Desmana moschata",7.9125
"2592","Euroscaptor klossi",3
"2593","Euroscaptor longirostris",3
"2594","Euroscaptor micrura",3
"2595","Euroscaptor mizura",3
"2596","Euroscaptor parvidens",3
"2597","Galemys pyrenaicus",4
"2598","Mogera imaizumii",3.220833333
"2599","Mogera insularis",3
"2600","Mogera tokudae",3.2
"2601","Mogera wogura",3.2
"2602","Parascalops breweri",5
"2603","Parascaptor leucura",3
"2604","Scalopus aquaticus",3
"2605","Scapanus latimanus",3
"2606","Scapanus orarius",3
"2607","Scaptochirus moschatus",3
"2608","Talpa caucasica",4
"2609","Talpa europaea",4
"2610","Talpa occidentalis",4
"2611","Talpa romana",4
"2612","Talpa stankovici",4
"2613","Urotrichus talpoides",3.5
"2614","Orycteropus afer",24
